<?xml version="1.0" standalone="yes" ?>
<!-- This file has been created by VINCI to allow 
     for more efficient processing of DICOM data 
     in the directory where it is located.
-->
<VinciXMLXchange>
	<Version>Vinci 4.95.0.19256, December 4 2018</Version>
	<NumVersion>4.95.0.19256</NumVersion>
	<TimeStamp>2021-06-10 11:30:12</TimeStamp>
	<LoadDICOMImageVersion>1.60</LoadDICOMImageVersion>
	<DICOMDataSets>1</DICOMDataSets>
	<DICOMFilesFound>301</DICOMFilesFound>
	<VinciDICOMDir34>
		<DataSet>
			<Modality>PT</Modality>
			<PatientName>SNM3</PatientName>
			<PatientId>SNM3</PatientId>
			<StudyDateTimeIso>2021-01-02 09:53:09.924484</StudyDateTimeIso>
			<PatientDOBIso></PatientDOBIso>
			<Protocol></Protocol>
			<Description></Description>
			<SeriesInstanceUID>1.2.826.0.1.3680043.2.1125.20210102.1095309</SeriesInstanceUID>
			<Dimensions_xyz>128 128 301</Dimensions_xyz>
			<Dimension_t>1</Dimension_t>
			<PixelSizes_xyz>3 3 1.5</PixelSizes_xyz>
			<ImageOrientationPatient>1\0\0\0\1\0</ImageOrientationPatient>
			<OrientationRowsColumns>L P</OrientationRowsColumns>
		<Frame>
			<File>
				<Filename>0.dcm</Filename>
				<RescaleIcSl>0 1</RescaleIcSl>
				<MD5Vinci4>D8C5BA575B906C7BAA63C67A700A19A0</MD5Vinci4>
				<ImagePosPat>0 0 0</ImagePosPat>
				<InstanceNumber>0</InstanceNumber>
				<ScalarPos>0</ScalarPos>
			</File>
			<File>
				<Filename>1.dcm</Filename>
				<RescaleIcSl>0 1</RescaleIcSl>
				<MD5Vinci4>FE8459A30469196DF18F3B39ABFD9563</MD5Vinci4>
				<ImagePosPat>0 0 1.5</ImagePosPat>
				<InstanceNumber>0</InstanceNumber>
				<ScalarPos>1.5</ScalarPos>
			</File>
			<File>
				<Filename>2.dcm</Filename>
				<RescaleIcSl>0 1</RescaleIcSl>
				<MD5Vinci4>831140660D17C4F04477D217B2FF9117</MD5Vinci4>
				<ImagePosPat>0 0 3</ImagePosPat>
				<InstanceNumber>0</InstanceNumber>
				<ScalarPos>3</ScalarPos>
			</File>
			<File>
				<Filename>3.dcm</Filename>
				<RescaleIcSl>0 1</RescaleIcSl>
				<MD5Vinci4>90EF7A3A820C4FB7F012957007E5DA42</MD5Vinci4>
				<ImagePosPat>0 0 4.5</ImagePosPat>
				<InstanceNumber>0</InstanceNumber>
				<ScalarPos>4.5</ScalarPos>
			</File>
			<File>
				<Filename>4.dcm</Filename>
				<RescaleIcSl>0 1</RescaleIcSl>
				<MD5Vinci4>24FFB76F2674D67C434CBF5C8B567AF3</MD5Vinci4>
				<ImagePosPat>0 0 6</ImagePosPat>
				<InstanceNumber>0</InstanceNumber>
				<ScalarPos>6</ScalarPos>
			</File>
			<File>
				<Filename>5.dcm</Filename>
				<RescaleIcSl>0 1</RescaleIcSl>
				<MD5Vinci4>95FADAAD58A4251B08B6C0BA4464AE67</MD5Vinci4>
				<ImagePosPat>0 0 7.5</ImagePosPat>
				<InstanceNumber>0</InstanceNumber>
				<ScalarPos>7.5</ScalarPos>
			</File>
			<File>
				<Filename>6.dcm</Filename>
				<RescaleIcSl>0 1</RescaleIcSl>
				<MD5Vinci4>33DE50DBBFC6FF937FA4DAB88969E7E7</MD5Vinci4>
				<ImagePosPat>0 0 9</ImagePosPat>
				<InstanceNumber>0</InstanceNumber>
				<ScalarPos>9</ScalarPos>
			</File>
			<File>
				<Filename>7.dcm</Filename>
				<RescaleIcSl>0 1</RescaleIcSl>
				<MD5Vinci4>7FA018D60203637B85B901C99F80D0E3</MD5Vinci4>
				<ImagePosPat>0 0 10.5</ImagePosPat>
				<InstanceNumber>0</InstanceNumber>
				<ScalarPos>10.5</ScalarPos>
			</File>
			<File>
				<Filename>8.dcm</Filename>
				<RescaleIcSl>0 1</RescaleIcSl>
				<MD5Vinci4>8CD927E8C7BA4076681CA45BCAFC55AA</MD5Vinci4>
				<ImagePosPat>0 0 12</ImagePosPat>
				<InstanceNumber>0</InstanceNumber>
				<ScalarPos>12</ScalarPos>
			</File>
			<File>
				<Filename>9.dcm</Filename>
				<RescaleIcSl>0 1</RescaleIcSl>
				<MD5Vinci4>1C38FAFFC073D7740AA8C66B37796BB6</MD5Vinci4>
				<ImagePosPat>0 0 13.5</ImagePosPat>
				<InstanceNumber>0</InstanceNumber>
				<ScalarPos>13.5</ScalarPos>
			</File>
			<File>
				<Filename>10.dcm</Filename>
				<RescaleIcSl>0 1</RescaleIcSl>
				<MD5Vinci4>736E9BF1CCBA07114820A89002449E88</MD5Vinci4>
				<ImagePosPat>0 0 15</ImagePosPat>
				<InstanceNumber>0</InstanceNumber>
				<ScalarPos>15</ScalarPos>
			</File>
			<File>
				<Filename>11.dcm</Filename>
				<RescaleIcSl>0 1</RescaleIcSl>
				<MD5Vinci4>2CC2657CE8A853EDF9544C665E883434</MD5Vinci4>
				<ImagePosPat>0 0 16.5</ImagePosPat>
				<InstanceNumber>0</InstanceNumber>
				<ScalarPos>16.5</ScalarPos>
			</File>
			<File>
				<Filename>12.dcm</Filename>
				<RescaleIcSl>0 1</RescaleIcSl>
				<MD5Vinci4>E853BA91810BA4BCDC0B4E0493D28598</MD5Vinci4>
				<ImagePosPat>0 0 18</ImagePosPat>
				<InstanceNumber>0</InstanceNumber>
				<ScalarPos>18</ScalarPos>
			</File>
			<File>
				<Filename>13.dcm</Filename>
				<RescaleIcSl>0 1</RescaleIcSl>
				<MD5Vinci4>177FB6C8AC09EDE2166E487101AF2A9A</MD5Vinci4>
				<ImagePosPat>0 0 19.5</ImagePosPat>
				<InstanceNumber>0</InstanceNumber>
				<ScalarPos>19.5</ScalarPos>
			</File>
			<File>
				<Filename>14.dcm</Filename>
				<RescaleIcSl>0 1</RescaleIcSl>
				<MD5Vinci4>5E256EB0BE9195DA865366477776ED03</MD5Vinci4>
				<ImagePosPat>0 0 21</ImagePosPat>
				<InstanceNumber>0</InstanceNumber>
				<ScalarPos>21</ScalarPos>
			</File>
			<File>
				<Filename>15.dcm</Filename>
				<RescaleIcSl>0 1</RescaleIcSl>
				<MD5Vinci4>0BE1C5DB25B018E7BB9BA3E43CC387B9</MD5Vinci4>
				<ImagePosPat>0 0 22.5</ImagePosPat>
				<InstanceNumber>0</InstanceNumber>
				<ScalarPos>22.5</ScalarPos>
			</File>
			<File>
				<Filename>16.dcm</Filename>
				<RescaleIcSl>0 1</RescaleIcSl>
				<MD5Vinci4>9086B1B337438FB02903294898F6A2F5</MD5Vinci4>
				<ImagePosPat>0 0 24</ImagePosPat>
				<InstanceNumber>0</InstanceNumber>
				<ScalarPos>24</ScalarPos>
			</File>
			<File>
				<Filename>17.dcm</Filename>
				<RescaleIcSl>0 1</RescaleIcSl>
				<MD5Vinci4>21735F63E9BD7D53DC9FC23DE55C3B5B</MD5Vinci4>
				<ImagePosPat>0 0 25.5</ImagePosPat>
				<InstanceNumber>0</InstanceNumber>
				<ScalarPos>25.5</ScalarPos>
			</File>
			<File>
				<Filename>18.dcm</Filename>
				<RescaleIcSl>0 1</RescaleIcSl>
				<MD5Vinci4>E8AEF51468E7928202A02026AE809439</MD5Vinci4>
				<ImagePosPat>0 0 27</ImagePosPat>
				<InstanceNumber>0</InstanceNumber>
				<ScalarPos>27</ScalarPos>
			</File>
			<File>
				<Filename>19.dcm</Filename>
				<RescaleIcSl>0 1</RescaleIcSl>
				<MD5Vinci4>F4F778B82B7F4750E007E0E989F923C9</MD5Vinci4>
				<ImagePosPat>0 0 28.5</ImagePosPat>
				<InstanceNumber>0</InstanceNumber>
				<ScalarPos>28.5</ScalarPos>
			</File>
			<File>
				<Filename>20.dcm</Filename>
				<RescaleIcSl>0 1</RescaleIcSl>
				<MD5Vinci4>3134427B13155F82222DCF42D55B12BE</MD5Vinci4>
				<ImagePosPat>0 0 30</ImagePosPat>
				<InstanceNumber>0</InstanceNumber>
				<ScalarPos>30</ScalarPos>
			</File>
			<File>
				<Filename>21.dcm</Filename>
				<RescaleIcSl>0 1</RescaleIcSl>
				<MD5Vinci4>244A46C570F6C8BA849250592CCC7831</MD5Vinci4>
				<ImagePosPat>0 0 31.5</ImagePosPat>
				<InstanceNumber>0</InstanceNumber>
				<ScalarPos>31.5</ScalarPos>
			</File>
			<File>
				<Filename>22.dcm</Filename>
				<RescaleIcSl>0 1</RescaleIcSl>
				<MD5Vinci4>EC8C7912D74F020E79F4EED8C03C7CB4</MD5Vinci4>
				<ImagePosPat>0 0 33</ImagePosPat>
				<InstanceNumber>0</InstanceNumber>
				<ScalarPos>33</ScalarPos>
			</File>
			<File>
				<Filename>23.dcm</Filename>
				<RescaleIcSl>0 1</RescaleIcSl>
				<MD5Vinci4>1A04B1FA71698603D65495344A688A1F</MD5Vinci4>
				<ImagePosPat>0 0 34.5</ImagePosPat>
				<InstanceNumber>0</InstanceNumber>
				<ScalarPos>34.5</ScalarPos>
			</File>
			<File>
				<Filename>24.dcm</Filename>
				<RescaleIcSl>0 1</RescaleIcSl>
				<MD5Vinci4>1F6706AFECCBBCA809DCD3B2DB976B4E</MD5Vinci4>
				<ImagePosPat>0 0 36</ImagePosPat>
				<InstanceNumber>0</InstanceNumber>
				<ScalarPos>36</ScalarPos>
			</File>
			<File>
				<Filename>25.dcm</Filename>
				<RescaleIcSl>0 1</RescaleIcSl>
				<MD5Vinci4>474CFA41252F354CD7284D054E50660D</MD5Vinci4>
				<ImagePosPat>0 0 37.5</ImagePosPat>
				<InstanceNumber>0</InstanceNumber>
				<ScalarPos>37.5</ScalarPos>
			</File>
			<File>
				<Filename>26.dcm</Filename>
				<RescaleIcSl>0 1</RescaleIcSl>
				<MD5Vinci4>697D8AE741AD499552FEC540093A8993</MD5Vinci4>
				<ImagePosPat>0 0 39</ImagePosPat>
				<InstanceNumber>0</InstanceNumber>
				<ScalarPos>39</ScalarPos>
			</File>
			<File>
				<Filename>27.dcm</Filename>
				<RescaleIcSl>0 1</RescaleIcSl>
				<MD5Vinci4>41CBC4944800A32B25A5A570E9BF0DB9</MD5Vinci4>
				<ImagePosPat>0 0 40.5</ImagePosPat>
				<InstanceNumber>0</InstanceNumber>
				<ScalarPos>40.5</ScalarPos>
			</File>
			<File>
				<Filename>28.dcm</Filename>
				<RescaleIcSl>0 1</RescaleIcSl>
				<MD5Vinci4>54D43A2C5658EE0F7F2F5D3EB5E3325E</MD5Vinci4>
				<ImagePosPat>0 0 42</ImagePosPat>
				<InstanceNumber>0</InstanceNumber>
				<ScalarPos>42</ScalarPos>
			</File>
			<File>
				<Filename>29.dcm</Filename>
				<RescaleIcSl>0 1</RescaleIcSl>
				<MD5Vinci4>D4C356C493AF5746F725F4DD1D673F93</MD5Vinci4>
				<ImagePosPat>0 0 43.5</ImagePosPat>
				<InstanceNumber>0</InstanceNumber>
				<ScalarPos>43.5</ScalarPos>
			</File>
			<File>
				<Filename>30.dcm</Filename>
				<RescaleIcSl>0 1</RescaleIcSl>
				<MD5Vinci4>BA0BAAFD6504C8380A0A35AF85C1BFE3</MD5Vinci4>
				<ImagePosPat>0 0 45</ImagePosPat>
				<InstanceNumber>0</InstanceNumber>
				<ScalarPos>45</ScalarPos>
			</File>
			<File>
				<Filename>31.dcm</Filename>
				<RescaleIcSl>0 1</RescaleIcSl>
				<MD5Vinci4>72506EEE0BC54391B8267687CFC5E239</MD5Vinci4>
				<ImagePosPat>0 0 46.5</ImagePosPat>
				<InstanceNumber>0</InstanceNumber>
				<ScalarPos>46.5</ScalarPos>
			</File>
			<File>
				<Filename>32.dcm</Filename>
				<RescaleIcSl>0 1</RescaleIcSl>
				<MD5Vinci4>1551EA461EF2C3DDF8EF31D8185A681C</MD5Vinci4>
				<ImagePosPat>0 0 48</ImagePosPat>
				<InstanceNumber>0</InstanceNumber>
				<ScalarPos>48</ScalarPos>
			</File>
			<File>
				<Filename>33.dcm</Filename>
				<RescaleIcSl>0 1</RescaleIcSl>
				<MD5Vinci4>C948B768BA75DCCCEFC356CAFC2DA08C</MD5Vinci4>
				<ImagePosPat>0 0 49.5</ImagePosPat>
				<InstanceNumber>0</InstanceNumber>
				<ScalarPos>49.5</ScalarPos>
			</File>
			<File>
				<Filename>34.dcm</Filename>
				<RescaleIcSl>0 1</RescaleIcSl>
				<MD5Vinci4>B8C39DA1B1B290300619DFCCAA6F3C13</MD5Vinci4>
				<ImagePosPat>0 0 51</ImagePosPat>
				<InstanceNumber>0</InstanceNumber>
				<ScalarPos>51</ScalarPos>
			</File>
			<File>
				<Filename>35.dcm</Filename>
				<RescaleIcSl>0 1</RescaleIcSl>
				<MD5Vinci4>9C2378175B747A271ADEADF5848877D5</MD5Vinci4>
				<ImagePosPat>0 0 52.5</ImagePosPat>
				<InstanceNumber>0</InstanceNumber>
				<ScalarPos>52.5</ScalarPos>
			</File>
			<File>
				<Filename>36.dcm</Filename>
				<RescaleIcSl>0 1</RescaleIcSl>
				<MD5Vinci4>243EF40D92F821DEF4BF707847F4E30B</MD5Vinci4>
				<ImagePosPat>0 0 54</ImagePosPat>
				<InstanceNumber>0</InstanceNumber>
				<ScalarPos>54</ScalarPos>
			</File>
			<File>
				<Filename>37.dcm</Filename>
				<RescaleIcSl>0 1</RescaleIcSl>
				<MD5Vinci4>A4D5B31393DD1E1B2A1213D07F7DCFCB</MD5Vinci4>
				<ImagePosPat>0 0 55.5</ImagePosPat>
				<InstanceNumber>0</InstanceNumber>
				<ScalarPos>55.5</ScalarPos>
			</File>
			<File>
				<Filename>38.dcm</Filename>
				<RescaleIcSl>0 1</RescaleIcSl>
				<MD5Vinci4>6DD2037634D14F9E16DC62A7C664EA1E</MD5Vinci4>
				<ImagePosPat>0 0 57</ImagePosPat>
				<InstanceNumber>0</InstanceNumber>
				<ScalarPos>57</ScalarPos>
			</File>
			<File>
				<Filename>39.dcm</Filename>
				<RescaleIcSl>0 1</RescaleIcSl>
				<MD5Vinci4>8E4B7EB91FF861C20194D865E0AEBC63</MD5Vinci4>
				<ImagePosPat>0 0 58.5</ImagePosPat>
				<InstanceNumber>0</InstanceNumber>
				<ScalarPos>58.5</ScalarPos>
			</File>
			<File>
				<Filename>40.dcm</Filename>
				<RescaleIcSl>0 1</RescaleIcSl>
				<MD5Vinci4>E78689C6C8D9441A48A4797693F91698</MD5Vinci4>
				<ImagePosPat>0 0 60</ImagePosPat>
				<InstanceNumber>0</InstanceNumber>
				<ScalarPos>60</ScalarPos>
			</File>
			<File>
				<Filename>41.dcm</Filename>
				<RescaleIcSl>0 1</RescaleIcSl>
				<MD5Vinci4>B7E61AD716900305386E5B1D10510EDB</MD5Vinci4>
				<ImagePosPat>0 0 61.5</ImagePosPat>
				<InstanceNumber>0</InstanceNumber>
				<ScalarPos>61.5</ScalarPos>
			</File>
			<File>
				<Filename>42.dcm</Filename>
				<RescaleIcSl>0 1</RescaleIcSl>
				<MD5Vinci4>C388FEBD6DA54FEC15285C215C7D7928</MD5Vinci4>
				<ImagePosPat>0 0 63</ImagePosPat>
				<InstanceNumber>0</InstanceNumber>
				<ScalarPos>63</ScalarPos>
			</File>
			<File>
				<Filename>43.dcm</Filename>
				<RescaleIcSl>0 1</RescaleIcSl>
				<MD5Vinci4>6CB4711268AA8EF4BA1DB166DFB318BF</MD5Vinci4>
				<ImagePosPat>0 0 64.5</ImagePosPat>
				<InstanceNumber>0</InstanceNumber>
				<ScalarPos>64.5</ScalarPos>
			</File>
			<File>
				<Filename>44.dcm</Filename>
				<RescaleIcSl>0 1</RescaleIcSl>
				<MD5Vinci4>7DC24C249C59EBAA9BFEE54F1A7DF552</MD5Vinci4>
				<ImagePosPat>0 0 66</ImagePosPat>
				<InstanceNumber>0</InstanceNumber>
				<ScalarPos>66</ScalarPos>
			</File>
			<File>
				<Filename>45.dcm</Filename>
				<RescaleIcSl>0 1</RescaleIcSl>
				<MD5Vinci4>A1ED853710CE9C6AE0F31BC693A36C9E</MD5Vinci4>
				<ImagePosPat>0 0 67.5</ImagePosPat>
				<InstanceNumber>0</InstanceNumber>
				<ScalarPos>67.5</ScalarPos>
			</File>
			<File>
				<Filename>46.dcm</Filename>
				<RescaleIcSl>0 1</RescaleIcSl>
				<MD5Vinci4>87D9FA2F447FF73CC6949847199C1B6D</MD5Vinci4>
				<ImagePosPat>0 0 69</ImagePosPat>
				<InstanceNumber>0</InstanceNumber>
				<ScalarPos>69</ScalarPos>
			</File>
			<File>
				<Filename>47.dcm</Filename>
				<RescaleIcSl>0 1</RescaleIcSl>
				<MD5Vinci4>40CD9C0D2223DF79A8B9D17806912811</MD5Vinci4>
				<ImagePosPat>0 0 70.5</ImagePosPat>
				<InstanceNumber>0</InstanceNumber>
				<ScalarPos>70.5</ScalarPos>
			</File>
			<File>
				<Filename>48.dcm</Filename>
				<RescaleIcSl>0 1</RescaleIcSl>
				<MD5Vinci4>B44D09F0B3C6B21E7315BC483458FE2E</MD5Vinci4>
				<ImagePosPat>0 0 72</ImagePosPat>
				<InstanceNumber>0</InstanceNumber>
				<ScalarPos>72</ScalarPos>
			</File>
			<File>
				<Filename>49.dcm</Filename>
				<RescaleIcSl>0 1</RescaleIcSl>
				<MD5Vinci4>ED89BF479C433653BAE86890EF445E29</MD5Vinci4>
				<ImagePosPat>0 0 73.5</ImagePosPat>
				<InstanceNumber>0</InstanceNumber>
				<ScalarPos>73.5</ScalarPos>
			</File>
			<File>
				<Filename>50.dcm</Filename>
				<RescaleIcSl>0 1</RescaleIcSl>
				<MD5Vinci4>D58D13EB9F43F163CBEFB4059D70971B</MD5Vinci4>
				<ImagePosPat>0 0 75</ImagePosPat>
				<InstanceNumber>0</InstanceNumber>
				<ScalarPos>75</ScalarPos>
			</File>
			<File>
				<Filename>51.dcm</Filename>
				<RescaleIcSl>0 1</RescaleIcSl>
				<MD5Vinci4>6263ED4D6CEC49EB86E8D9104C9581E5</MD5Vinci4>
				<ImagePosPat>0 0 76.5</ImagePosPat>
				<InstanceNumber>0</InstanceNumber>
				<ScalarPos>76.5</ScalarPos>
			</File>
			<File>
				<Filename>52.dcm</Filename>
				<RescaleIcSl>0 1</RescaleIcSl>
				<MD5Vinci4>11FB6A198607E5140004EEB6BED19F6E</MD5Vinci4>
				<ImagePosPat>0 0 78</ImagePosPat>
				<InstanceNumber>0</InstanceNumber>
				<ScalarPos>78</ScalarPos>
			</File>
			<File>
				<Filename>53.dcm</Filename>
				<RescaleIcSl>0 1</RescaleIcSl>
				<MD5Vinci4>6445E815180BC37FF1F665D578541054</MD5Vinci4>
				<ImagePosPat>0 0 79.5</ImagePosPat>
				<InstanceNumber>0</InstanceNumber>
				<ScalarPos>79.5</ScalarPos>
			</File>
			<File>
				<Filename>54.dcm</Filename>
				<RescaleIcSl>0 1</RescaleIcSl>
				<MD5Vinci4>801922FC680238FAF0133EF363AAD2E6</MD5Vinci4>
				<ImagePosPat>0 0 81</ImagePosPat>
				<InstanceNumber>0</InstanceNumber>
				<ScalarPos>81</ScalarPos>
			</File>
			<File>
				<Filename>55.dcm</Filename>
				<RescaleIcSl>0 1</RescaleIcSl>
				<MD5Vinci4>A7D6B0CD6D9E716E0D9730C7859E753E</MD5Vinci4>
				<ImagePosPat>0 0 82.5</ImagePosPat>
				<InstanceNumber>0</InstanceNumber>
				<ScalarPos>82.5</ScalarPos>
			</File>
			<File>
				<Filename>56.dcm</Filename>
				<RescaleIcSl>0 1</RescaleIcSl>
				<MD5Vinci4>7D2A264D2172609DE1A8BD4903E7E89D</MD5Vinci4>
				<ImagePosPat>0 0 84</ImagePosPat>
				<InstanceNumber>0</InstanceNumber>
				<ScalarPos>84</ScalarPos>
			</File>
			<File>
				<Filename>57.dcm</Filename>
				<RescaleIcSl>0 1</RescaleIcSl>
				<MD5Vinci4>689DF24DFF0DB0F659B22E786E902AC2</MD5Vinci4>
				<ImagePosPat>0 0 85.5</ImagePosPat>
				<InstanceNumber>0</InstanceNumber>
				<ScalarPos>85.5</ScalarPos>
			</File>
			<File>
				<Filename>58.dcm</Filename>
				<RescaleIcSl>0 1</RescaleIcSl>
				<MD5Vinci4>CA102EE3366E1BA57BEAC441483DE64F</MD5Vinci4>
				<ImagePosPat>0 0 87</ImagePosPat>
				<InstanceNumber>0</InstanceNumber>
				<ScalarPos>87</ScalarPos>
			</File>
			<File>
				<Filename>59.dcm</Filename>
				<RescaleIcSl>0 1</RescaleIcSl>
				<MD5Vinci4>1675D886387424C3C441531C890F5B9A</MD5Vinci4>
				<ImagePosPat>0 0 88.5</ImagePosPat>
				<InstanceNumber>0</InstanceNumber>
				<ScalarPos>88.5</ScalarPos>
			</File>
			<File>
				<Filename>60.dcm</Filename>
				<RescaleIcSl>0 1</RescaleIcSl>
				<MD5Vinci4>B6B8512757CADE01DEFFCA65C3B40D7B</MD5Vinci4>
				<ImagePosPat>0 0 90</ImagePosPat>
				<InstanceNumber>0</InstanceNumber>
				<ScalarPos>90</ScalarPos>
			</File>
			<File>
				<Filename>61.dcm</Filename>
				<RescaleIcSl>0 1</RescaleIcSl>
				<MD5Vinci4>2DCBA3FA1771E4790A0B557A5DB41EAA</MD5Vinci4>
				<ImagePosPat>0 0 91.5</ImagePosPat>
				<InstanceNumber>0</InstanceNumber>
				<ScalarPos>91.5</ScalarPos>
			</File>
			<File>
				<Filename>62.dcm</Filename>
				<RescaleIcSl>0 1</RescaleIcSl>
				<MD5Vinci4>17AAC52F40E053590225B73D3ABC8618</MD5Vinci4>
				<ImagePosPat>0 0 93</ImagePosPat>
				<InstanceNumber>0</InstanceNumber>
				<ScalarPos>93</ScalarPos>
			</File>
			<File>
				<Filename>63.dcm</Filename>
				<RescaleIcSl>0 1</RescaleIcSl>
				<MD5Vinci4>F54CF3BB65E4E2CD523B42E8D67AD8E3</MD5Vinci4>
				<ImagePosPat>0 0 94.5</ImagePosPat>
				<InstanceNumber>0</InstanceNumber>
				<ScalarPos>94.5</ScalarPos>
			</File>
			<File>
				<Filename>64.dcm</Filename>
				<RescaleIcSl>0 1</RescaleIcSl>
				<MD5Vinci4>BF65457826EFE9CC03B2A47DB2B2A373</MD5Vinci4>
				<ImagePosPat>0 0 96</ImagePosPat>
				<InstanceNumber>0</InstanceNumber>
				<ScalarPos>96</ScalarPos>
			</File>
			<File>
				<Filename>65.dcm</Filename>
				<RescaleIcSl>0 1</RescaleIcSl>
				<MD5Vinci4>3DCA24CB04F5894E8D174813D0C53752</MD5Vinci4>
				<ImagePosPat>0 0 97.5</ImagePosPat>
				<InstanceNumber>0</InstanceNumber>
				<ScalarPos>97.5</ScalarPos>
			</File>
			<File>
				<Filename>66.dcm</Filename>
				<RescaleIcSl>0 1</RescaleIcSl>
				<MD5Vinci4>35703E13B07B4B0250944F96ACB049A4</MD5Vinci4>
				<ImagePosPat>0 0 99</ImagePosPat>
				<InstanceNumber>0</InstanceNumber>
				<ScalarPos>99</ScalarPos>
			</File>
			<File>
				<Filename>67.dcm</Filename>
				<RescaleIcSl>0 1</RescaleIcSl>
				<MD5Vinci4>BAFAE227E2D559A25DB45DE785C092AF</MD5Vinci4>
				<ImagePosPat>0 0 100.5</ImagePosPat>
				<InstanceNumber>0</InstanceNumber>
				<ScalarPos>100.5</ScalarPos>
			</File>
			<File>
				<Filename>68.dcm</Filename>
				<RescaleIcSl>0 1</RescaleIcSl>
				<MD5Vinci4>3C1E6EE462612F15824ED8D9CF3CA5FC</MD5Vinci4>
				<ImagePosPat>0 0 102</ImagePosPat>
				<InstanceNumber>0</InstanceNumber>
				<ScalarPos>102</ScalarPos>
			</File>
			<File>
				<Filename>69.dcm</Filename>
				<RescaleIcSl>0 1</RescaleIcSl>
				<MD5Vinci4>D61916522E58CD556FED6FDB365068D4</MD5Vinci4>
				<ImagePosPat>0 0 103.5</ImagePosPat>
				<InstanceNumber>0</InstanceNumber>
				<ScalarPos>103.5</ScalarPos>
			</File>
			<File>
				<Filename>70.dcm</Filename>
				<RescaleIcSl>0 1</RescaleIcSl>
				<MD5Vinci4>2566B800A4D4F8FA0035F57BFA6A8B91</MD5Vinci4>
				<ImagePosPat>0 0 105</ImagePosPat>
				<InstanceNumber>0</InstanceNumber>
				<ScalarPos>105</ScalarPos>
			</File>
			<File>
				<Filename>71.dcm</Filename>
				<RescaleIcSl>0 1</RescaleIcSl>
				<MD5Vinci4>39B4D31C1ED18049865B0A1DFD94D54B</MD5Vinci4>
				<ImagePosPat>0 0 106.5</ImagePosPat>
				<InstanceNumber>0</InstanceNumber>
				<ScalarPos>106.5</ScalarPos>
			</File>
			<File>
				<Filename>72.dcm</Filename>
				<RescaleIcSl>0 1</RescaleIcSl>
				<MD5Vinci4>BCA51E6CA5C35E0AF30A70BBE243AA36</MD5Vinci4>
				<ImagePosPat>0 0 108</ImagePosPat>
				<InstanceNumber>0</InstanceNumber>
				<ScalarPos>108</ScalarPos>
			</File>
			<File>
				<Filename>73.dcm</Filename>
				<RescaleIcSl>0 1</RescaleIcSl>
				<MD5Vinci4>8B92741E6DEB4665B40C0DA67CDB96C7</MD5Vinci4>
				<ImagePosPat>0 0 109.5</ImagePosPat>
				<InstanceNumber>0</InstanceNumber>
				<ScalarPos>109.5</ScalarPos>
			</File>
			<File>
				<Filename>74.dcm</Filename>
				<RescaleIcSl>0 1</RescaleIcSl>
				<MD5Vinci4>C330267D3CB56F638B9CEA5622F84968</MD5Vinci4>
				<ImagePosPat>0 0 111</ImagePosPat>
				<InstanceNumber>0</InstanceNumber>
				<ScalarPos>111</ScalarPos>
			</File>
			<File>
				<Filename>75.dcm</Filename>
				<RescaleIcSl>0 1</RescaleIcSl>
				<MD5Vinci4>5C1CF709BCDDA5CA245B46F54B14FD78</MD5Vinci4>
				<ImagePosPat>0 0 112.5</ImagePosPat>
				<InstanceNumber>0</InstanceNumber>
				<ScalarPos>112.5</ScalarPos>
			</File>
			<File>
				<Filename>76.dcm</Filename>
				<RescaleIcSl>0 1</RescaleIcSl>
				<MD5Vinci4>D4558F0E4CA0EC8EA4BD5E4D59803ADF</MD5Vinci4>
				<ImagePosPat>0 0 114</ImagePosPat>
				<InstanceNumber>0</InstanceNumber>
				<ScalarPos>114</ScalarPos>
			</File>
			<File>
				<Filename>77.dcm</Filename>
				<RescaleIcSl>0 1</RescaleIcSl>
				<MD5Vinci4>E171E007DB1C62549FE4459DECFC9488</MD5Vinci4>
				<ImagePosPat>0 0 115.5</ImagePosPat>
				<InstanceNumber>0</InstanceNumber>
				<ScalarPos>115.5</ScalarPos>
			</File>
			<File>
				<Filename>78.dcm</Filename>
				<RescaleIcSl>0 1</RescaleIcSl>
				<MD5Vinci4>65C81207E4250C728339E53F2F06E41E</MD5Vinci4>
				<ImagePosPat>0 0 117</ImagePosPat>
				<InstanceNumber>0</InstanceNumber>
				<ScalarPos>117</ScalarPos>
			</File>
			<File>
				<Filename>79.dcm</Filename>
				<RescaleIcSl>0 1</RescaleIcSl>
				<MD5Vinci4>DDAD5B34259BF572012E6922BF6A1AD3</MD5Vinci4>
				<ImagePosPat>0 0 118.5</ImagePosPat>
				<InstanceNumber>0</InstanceNumber>
				<ScalarPos>118.5</ScalarPos>
			</File>
			<File>
				<Filename>80.dcm</Filename>
				<RescaleIcSl>0 1</RescaleIcSl>
				<MD5Vinci4>EF8BA33047AC913699D46BC2F67D83C0</MD5Vinci4>
				<ImagePosPat>0 0 120</ImagePosPat>
				<InstanceNumber>0</InstanceNumber>
				<ScalarPos>120</ScalarPos>
			</File>
			<File>
				<Filename>81.dcm</Filename>
				<RescaleIcSl>0 1</RescaleIcSl>
				<MD5Vinci4>69286403781885D76ACB50786DC7352C</MD5Vinci4>
				<ImagePosPat>0 0 121.5</ImagePosPat>
				<InstanceNumber>0</InstanceNumber>
				<ScalarPos>121.5</ScalarPos>
			</File>
			<File>
				<Filename>82.dcm</Filename>
				<RescaleIcSl>0 1</RescaleIcSl>
				<MD5Vinci4>27C28A8F6034216801FC3CB2655A4709</MD5Vinci4>
				<ImagePosPat>0 0 123</ImagePosPat>
				<InstanceNumber>0</InstanceNumber>
				<ScalarPos>123</ScalarPos>
			</File>
			<File>
				<Filename>83.dcm</Filename>
				<RescaleIcSl>0 1</RescaleIcSl>
				<MD5Vinci4>95C39A0A4585C8E8B4C2C23079A6066A</MD5Vinci4>
				<ImagePosPat>0 0 124.5</ImagePosPat>
				<InstanceNumber>0</InstanceNumber>
				<ScalarPos>124.5</ScalarPos>
			</File>
			<File>
				<Filename>84.dcm</Filename>
				<RescaleIcSl>0 1</RescaleIcSl>
				<MD5Vinci4>DE2077739CDF6C70F6929A95D73E0FE8</MD5Vinci4>
				<ImagePosPat>0 0 126</ImagePosPat>
				<InstanceNumber>0</InstanceNumber>
				<ScalarPos>126</ScalarPos>
			</File>
			<File>
				<Filename>85.dcm</Filename>
				<RescaleIcSl>0 1</RescaleIcSl>
				<MD5Vinci4>1CB26A798D0B73B27559845FB0413623</MD5Vinci4>
				<ImagePosPat>0 0 127.5</ImagePosPat>
				<InstanceNumber>0</InstanceNumber>
				<ScalarPos>127.5</ScalarPos>
			</File>
			<File>
				<Filename>86.dcm</Filename>
				<RescaleIcSl>0 1</RescaleIcSl>
				<MD5Vinci4>B24903CADFC8E3B5FA5E082C0D35BC1B</MD5Vinci4>
				<ImagePosPat>0 0 129</ImagePosPat>
				<InstanceNumber>0</InstanceNumber>
				<ScalarPos>129</ScalarPos>
			</File>
			<File>
				<Filename>87.dcm</Filename>
				<RescaleIcSl>0 1</RescaleIcSl>
				<MD5Vinci4>28FF5ED3D786C4B0167CC341E9D15BFE</MD5Vinci4>
				<ImagePosPat>0 0 130.5</ImagePosPat>
				<InstanceNumber>0</InstanceNumber>
				<ScalarPos>130.5</ScalarPos>
			</File>
			<File>
				<Filename>88.dcm</Filename>
				<RescaleIcSl>0 1</RescaleIcSl>
				<MD5Vinci4>A4C8EE178437FBDBC819C2F09B19F823</MD5Vinci4>
				<ImagePosPat>0 0 132</ImagePosPat>
				<InstanceNumber>0</InstanceNumber>
				<ScalarPos>132</ScalarPos>
			</File>
			<File>
				<Filename>89.dcm</Filename>
				<RescaleIcSl>0 1</RescaleIcSl>
				<MD5Vinci4>0E28211FBC9335561E91DA0911A9ED25</MD5Vinci4>
				<ImagePosPat>0 0 133.5</ImagePosPat>
				<InstanceNumber>0</InstanceNumber>
				<ScalarPos>133.5</ScalarPos>
			</File>
			<File>
				<Filename>90.dcm</Filename>
				<RescaleIcSl>0 1</RescaleIcSl>
				<MD5Vinci4>24BDDD04F9ED9AA86E3A7233127C4CF6</MD5Vinci4>
				<ImagePosPat>0 0 135</ImagePosPat>
				<InstanceNumber>0</InstanceNumber>
				<ScalarPos>135</ScalarPos>
			</File>
			<File>
				<Filename>91.dcm</Filename>
				<RescaleIcSl>0 1</RescaleIcSl>
				<MD5Vinci4>146D870C9CD05548BCA85CFA8E22FC76</MD5Vinci4>
				<ImagePosPat>0 0 136.5</ImagePosPat>
				<InstanceNumber>0</InstanceNumber>
				<ScalarPos>136.5</ScalarPos>
			</File>
			<File>
				<Filename>92.dcm</Filename>
				<RescaleIcSl>0 1</RescaleIcSl>
				<MD5Vinci4>CB1561D2DC294332C2D3559D221233D3</MD5Vinci4>
				<ImagePosPat>0 0 138</ImagePosPat>
				<InstanceNumber>0</InstanceNumber>
				<ScalarPos>138</ScalarPos>
			</File>
			<File>
				<Filename>93.dcm</Filename>
				<RescaleIcSl>0 1</RescaleIcSl>
				<MD5Vinci4>95174E1064EF739DBD787391B38C30F5</MD5Vinci4>
				<ImagePosPat>0 0 139.5</ImagePosPat>
				<InstanceNumber>0</InstanceNumber>
				<ScalarPos>139.5</ScalarPos>
			</File>
			<File>
				<Filename>94.dcm</Filename>
				<RescaleIcSl>0 1</RescaleIcSl>
				<MD5Vinci4>8F27F24477428CBA7EC4DA9AC6E76727</MD5Vinci4>
				<ImagePosPat>0 0 141</ImagePosPat>
				<InstanceNumber>0</InstanceNumber>
				<ScalarPos>141</ScalarPos>
			</File>
			<File>
				<Filename>95.dcm</Filename>
				<RescaleIcSl>0 1</RescaleIcSl>
				<MD5Vinci4>1BE353878EF0942A09EADE606C663BFF</MD5Vinci4>
				<ImagePosPat>0 0 142.5</ImagePosPat>
				<InstanceNumber>0</InstanceNumber>
				<ScalarPos>142.5</ScalarPos>
			</File>
			<File>
				<Filename>96.dcm</Filename>
				<RescaleIcSl>0 1</RescaleIcSl>
				<MD5Vinci4>BE4A2C931429C6B2B8E04E92B9EF62A6</MD5Vinci4>
				<ImagePosPat>0 0 144</ImagePosPat>
				<InstanceNumber>0</InstanceNumber>
				<ScalarPos>144</ScalarPos>
			</File>
			<File>
				<Filename>97.dcm</Filename>
				<RescaleIcSl>0 1</RescaleIcSl>
				<MD5Vinci4>DCE5BF5464408F44F70629DAE03C659C</MD5Vinci4>
				<ImagePosPat>0 0 145.5</ImagePosPat>
				<InstanceNumber>0</InstanceNumber>
				<ScalarPos>145.5</ScalarPos>
			</File>
			<File>
				<Filename>98.dcm</Filename>
				<RescaleIcSl>0 1</RescaleIcSl>
				<MD5Vinci4>C44183204194C77AA0472BE938F9BFC0</MD5Vinci4>
				<ImagePosPat>0 0 147</ImagePosPat>
				<InstanceNumber>0</InstanceNumber>
				<ScalarPos>147</ScalarPos>
			</File>
			<File>
				<Filename>99.dcm</Filename>
				<RescaleIcSl>0 1</RescaleIcSl>
				<MD5Vinci4>1EAFE8A2E9FD517BD4A7A9C1DFC20DFE</MD5Vinci4>
				<ImagePosPat>0 0 148.5</ImagePosPat>
				<InstanceNumber>0</InstanceNumber>
				<ScalarPos>148.5</ScalarPos>
			</File>
			<File>
				<Filename>100.dcm</Filename>
				<RescaleIcSl>0 1</RescaleIcSl>
				<MD5Vinci4>E432BCC1AEB52B3599A8F56468785E8C</MD5Vinci4>
				<ImagePosPat>0 0 150</ImagePosPat>
				<InstanceNumber>0</InstanceNumber>
				<ScalarPos>150</ScalarPos>
			</File>
			<File>
				<Filename>101.dcm</Filename>
				<RescaleIcSl>0 1</RescaleIcSl>
				<MD5Vinci4>0CA844B0215E267237694F884ED2325D</MD5Vinci4>
				<ImagePosPat>0 0 151.5</ImagePosPat>
				<InstanceNumber>0</InstanceNumber>
				<ScalarPos>151.5</ScalarPos>
			</File>
			<File>
				<Filename>102.dcm</Filename>
				<RescaleIcSl>0 1</RescaleIcSl>
				<MD5Vinci4>65AAA15F8C6A46B7C0164DC2A2F73675</MD5Vinci4>
				<ImagePosPat>0 0 153</ImagePosPat>
				<InstanceNumber>0</InstanceNumber>
				<ScalarPos>153</ScalarPos>
			</File>
			<File>
				<Filename>103.dcm</Filename>
				<RescaleIcSl>0 1</RescaleIcSl>
				<MD5Vinci4>A8BB7EB7069E478693593D733A876D9A</MD5Vinci4>
				<ImagePosPat>0 0 154.5</ImagePosPat>
				<InstanceNumber>0</InstanceNumber>
				<ScalarPos>154.5</ScalarPos>
			</File>
			<File>
				<Filename>104.dcm</Filename>
				<RescaleIcSl>0 1</RescaleIcSl>
				<MD5Vinci4>6EEA0D776375CCA3DF25C7EC3AC2C936</MD5Vinci4>
				<ImagePosPat>0 0 156</ImagePosPat>
				<InstanceNumber>0</InstanceNumber>
				<ScalarPos>156</ScalarPos>
			</File>
			<File>
				<Filename>105.dcm</Filename>
				<RescaleIcSl>0 1</RescaleIcSl>
				<MD5Vinci4>307C7239FC0205AB5AFCDC9504524FA4</MD5Vinci4>
				<ImagePosPat>0 0 157.5</ImagePosPat>
				<InstanceNumber>0</InstanceNumber>
				<ScalarPos>157.5</ScalarPos>
			</File>
			<File>
				<Filename>106.dcm</Filename>
				<RescaleIcSl>0 1</RescaleIcSl>
				<MD5Vinci4>A9719116DBDE87B170191B75ECCC0D3B</MD5Vinci4>
				<ImagePosPat>0 0 159</ImagePosPat>
				<InstanceNumber>0</InstanceNumber>
				<ScalarPos>159</ScalarPos>
			</File>
			<File>
				<Filename>107.dcm</Filename>
				<RescaleIcSl>0 1</RescaleIcSl>
				<MD5Vinci4>1A284224ECCE9C69D140E95FC0B94DE9</MD5Vinci4>
				<ImagePosPat>0 0 160.5</ImagePosPat>
				<InstanceNumber>0</InstanceNumber>
				<ScalarPos>160.5</ScalarPos>
			</File>
			<File>
				<Filename>108.dcm</Filename>
				<RescaleIcSl>0 1</RescaleIcSl>
				<MD5Vinci4>DBB7D3558977DCBE463AEA37C1683382</MD5Vinci4>
				<ImagePosPat>0 0 162</ImagePosPat>
				<InstanceNumber>0</InstanceNumber>
				<ScalarPos>162</ScalarPos>
			</File>
			<File>
				<Filename>109.dcm</Filename>
				<RescaleIcSl>0 1</RescaleIcSl>
				<MD5Vinci4>6D8EAB1D6E0B6C16D1B59ACF2F4361EF</MD5Vinci4>
				<ImagePosPat>0 0 163.5</ImagePosPat>
				<InstanceNumber>0</InstanceNumber>
				<ScalarPos>163.5</ScalarPos>
			</File>
			<File>
				<Filename>110.dcm</Filename>
				<RescaleIcSl>0 1</RescaleIcSl>
				<MD5Vinci4>6DD7EFD0518458AD8BE4A4ECB0501C55</MD5Vinci4>
				<ImagePosPat>0 0 165</ImagePosPat>
				<InstanceNumber>0</InstanceNumber>
				<ScalarPos>165</ScalarPos>
			</File>
			<File>
				<Filename>111.dcm</Filename>
				<RescaleIcSl>0 1</RescaleIcSl>
				<MD5Vinci4>352D9C78F3065799CBC710E9C100F4B5</MD5Vinci4>
				<ImagePosPat>0 0 166.5</ImagePosPat>
				<InstanceNumber>0</InstanceNumber>
				<ScalarPos>166.5</ScalarPos>
			</File>
			<File>
				<Filename>112.dcm</Filename>
				<RescaleIcSl>0 1</RescaleIcSl>
				<MD5Vinci4>DA6FE312E0C3BB7476616E283A3E7CE9</MD5Vinci4>
				<ImagePosPat>0 0 168</ImagePosPat>
				<InstanceNumber>0</InstanceNumber>
				<ScalarPos>168</ScalarPos>
			</File>
			<File>
				<Filename>113.dcm</Filename>
				<RescaleIcSl>0 1</RescaleIcSl>
				<MD5Vinci4>1F2132DED4217DADBCD253391BC8B9B7</MD5Vinci4>
				<ImagePosPat>0 0 169.5</ImagePosPat>
				<InstanceNumber>0</InstanceNumber>
				<ScalarPos>169.5</ScalarPos>
			</File>
			<File>
				<Filename>114.dcm</Filename>
				<RescaleIcSl>0 1</RescaleIcSl>
				<MD5Vinci4>FE72CC5B5B8F166ADC4EA523628DB592</MD5Vinci4>
				<ImagePosPat>0 0 171</ImagePosPat>
				<InstanceNumber>0</InstanceNumber>
				<ScalarPos>171</ScalarPos>
			</File>
			<File>
				<Filename>115.dcm</Filename>
				<RescaleIcSl>0 1</RescaleIcSl>
				<MD5Vinci4>0165EE35079C095BF9817F1A007261EE</MD5Vinci4>
				<ImagePosPat>0 0 172.5</ImagePosPat>
				<InstanceNumber>0</InstanceNumber>
				<ScalarPos>172.5</ScalarPos>
			</File>
			<File>
				<Filename>116.dcm</Filename>
				<RescaleIcSl>0 1</RescaleIcSl>
				<MD5Vinci4>102CA84C47C7046C7DFAF426866B634A</MD5Vinci4>
				<ImagePosPat>0 0 174</ImagePosPat>
				<InstanceNumber>0</InstanceNumber>
				<ScalarPos>174</ScalarPos>
			</File>
			<File>
				<Filename>117.dcm</Filename>
				<RescaleIcSl>0 1</RescaleIcSl>
				<MD5Vinci4>2FDA2DE45536DD8E62572FF694A1578C</MD5Vinci4>
				<ImagePosPat>0 0 175.5</ImagePosPat>
				<InstanceNumber>0</InstanceNumber>
				<ScalarPos>175.5</ScalarPos>
			</File>
			<File>
				<Filename>118.dcm</Filename>
				<RescaleIcSl>0 1</RescaleIcSl>
				<MD5Vinci4>37A51418C7A0145B93FD00D53F0A5A68</MD5Vinci4>
				<ImagePosPat>0 0 177</ImagePosPat>
				<InstanceNumber>0</InstanceNumber>
				<ScalarPos>177</ScalarPos>
			</File>
			<File>
				<Filename>119.dcm</Filename>
				<RescaleIcSl>0 1</RescaleIcSl>
				<MD5Vinci4>18E3780A4E1D9892F797EC07C3A9E7C0</MD5Vinci4>
				<ImagePosPat>0 0 178.5</ImagePosPat>
				<InstanceNumber>0</InstanceNumber>
				<ScalarPos>178.5</ScalarPos>
			</File>
			<File>
				<Filename>120.dcm</Filename>
				<RescaleIcSl>0 1</RescaleIcSl>
				<MD5Vinci4>092397B7A26914ADF8D05E10FE68E526</MD5Vinci4>
				<ImagePosPat>0 0 180</ImagePosPat>
				<InstanceNumber>0</InstanceNumber>
				<ScalarPos>180</ScalarPos>
			</File>
			<File>
				<Filename>121.dcm</Filename>
				<RescaleIcSl>0 1</RescaleIcSl>
				<MD5Vinci4>4E156250C7BFD0B5C550ECC7F26B0BA4</MD5Vinci4>
				<ImagePosPat>0 0 181.5</ImagePosPat>
				<InstanceNumber>0</InstanceNumber>
				<ScalarPos>181.5</ScalarPos>
			</File>
			<File>
				<Filename>122.dcm</Filename>
				<RescaleIcSl>0 1</RescaleIcSl>
				<MD5Vinci4>13B3DF76B49EEBBCB32A0A6741779A4D</MD5Vinci4>
				<ImagePosPat>0 0 183</ImagePosPat>
				<InstanceNumber>0</InstanceNumber>
				<ScalarPos>183</ScalarPos>
			</File>
			<File>
				<Filename>123.dcm</Filename>
				<RescaleIcSl>0 1</RescaleIcSl>
				<MD5Vinci4>9D14550744380C4898F961A692F30370</MD5Vinci4>
				<ImagePosPat>0 0 184.5</ImagePosPat>
				<InstanceNumber>0</InstanceNumber>
				<ScalarPos>184.5</ScalarPos>
			</File>
			<File>
				<Filename>124.dcm</Filename>
				<RescaleIcSl>0 1</RescaleIcSl>
				<MD5Vinci4>BE4AE77CE34196E145DABC389B55D4C0</MD5Vinci4>
				<ImagePosPat>0 0 186</ImagePosPat>
				<InstanceNumber>0</InstanceNumber>
				<ScalarPos>186</ScalarPos>
			</File>
			<File>
				<Filename>125.dcm</Filename>
				<RescaleIcSl>0 1</RescaleIcSl>
				<MD5Vinci4>05FC27B230165E2EEDDC8E9456C749DD</MD5Vinci4>
				<ImagePosPat>0 0 187.5</ImagePosPat>
				<InstanceNumber>0</InstanceNumber>
				<ScalarPos>187.5</ScalarPos>
			</File>
			<File>
				<Filename>126.dcm</Filename>
				<RescaleIcSl>0 1</RescaleIcSl>
				<MD5Vinci4>3269F10A2FB6B9E570C3978745871DBC</MD5Vinci4>
				<ImagePosPat>0 0 189</ImagePosPat>
				<InstanceNumber>0</InstanceNumber>
				<ScalarPos>189</ScalarPos>
			</File>
			<File>
				<Filename>127.dcm</Filename>
				<RescaleIcSl>0 1</RescaleIcSl>
				<MD5Vinci4>23A9CFABDB0629B7116A5A4E42D171FC</MD5Vinci4>
				<ImagePosPat>0 0 190.5</ImagePosPat>
				<InstanceNumber>0</InstanceNumber>
				<ScalarPos>190.5</ScalarPos>
			</File>
			<File>
				<Filename>128.dcm</Filename>
				<RescaleIcSl>0 1</RescaleIcSl>
				<MD5Vinci4>99C10C63194994EC59D577C856E5A114</MD5Vinci4>
				<ImagePosPat>0 0 192</ImagePosPat>
				<InstanceNumber>0</InstanceNumber>
				<ScalarPos>192</ScalarPos>
			</File>
			<File>
				<Filename>129.dcm</Filename>
				<RescaleIcSl>0 1</RescaleIcSl>
				<MD5Vinci4>0AFB0F51E173A2A4E0E4F4D024290CC3</MD5Vinci4>
				<ImagePosPat>0 0 193.5</ImagePosPat>
				<InstanceNumber>0</InstanceNumber>
				<ScalarPos>193.5</ScalarPos>
			</File>
			<File>
				<Filename>130.dcm</Filename>
				<RescaleIcSl>0 1</RescaleIcSl>
				<MD5Vinci4>A339730B424127839FF3148F6EE143AB</MD5Vinci4>
				<ImagePosPat>0 0 195</ImagePosPat>
				<InstanceNumber>0</InstanceNumber>
				<ScalarPos>195</ScalarPos>
			</File>
			<File>
				<Filename>131.dcm</Filename>
				<RescaleIcSl>0 1</RescaleIcSl>
				<MD5Vinci4>2132A2C57C206783A81F635C84B48CA4</MD5Vinci4>
				<ImagePosPat>0 0 196.5</ImagePosPat>
				<InstanceNumber>0</InstanceNumber>
				<ScalarPos>196.5</ScalarPos>
			</File>
			<File>
				<Filename>132.dcm</Filename>
				<RescaleIcSl>0 1</RescaleIcSl>
				<MD5Vinci4>42E1E55C3D7E9D283B1B6C585A750565</MD5Vinci4>
				<ImagePosPat>0 0 198</ImagePosPat>
				<InstanceNumber>0</InstanceNumber>
				<ScalarPos>198</ScalarPos>
			</File>
			<File>
				<Filename>133.dcm</Filename>
				<RescaleIcSl>0 1</RescaleIcSl>
				<MD5Vinci4>573C62BCDDAB79CD4CFF9DE97606DAD1</MD5Vinci4>
				<ImagePosPat>0 0 199.5</ImagePosPat>
				<InstanceNumber>0</InstanceNumber>
				<ScalarPos>199.5</ScalarPos>
			</File>
			<File>
				<Filename>134.dcm</Filename>
				<RescaleIcSl>0 1</RescaleIcSl>
				<MD5Vinci4>19493F0999FBA30EE1C0632F90EB5163</MD5Vinci4>
				<ImagePosPat>0 0 201</ImagePosPat>
				<InstanceNumber>0</InstanceNumber>
				<ScalarPos>201</ScalarPos>
			</File>
			<File>
				<Filename>135.dcm</Filename>
				<RescaleIcSl>0 1</RescaleIcSl>
				<MD5Vinci4>FB9D52C5225178CB9DD92239117275AA</MD5Vinci4>
				<ImagePosPat>0 0 202.5</ImagePosPat>
				<InstanceNumber>0</InstanceNumber>
				<ScalarPos>202.5</ScalarPos>
			</File>
			<File>
				<Filename>136.dcm</Filename>
				<RescaleIcSl>0 1</RescaleIcSl>
				<MD5Vinci4>4A74ED008402DF5118BD39B3EB774075</MD5Vinci4>
				<ImagePosPat>0 0 204</ImagePosPat>
				<InstanceNumber>0</InstanceNumber>
				<ScalarPos>204</ScalarPos>
			</File>
			<File>
				<Filename>137.dcm</Filename>
				<RescaleIcSl>0 1</RescaleIcSl>
				<MD5Vinci4>7D1EA3217E05D15ADB6E0A18282EF798</MD5Vinci4>
				<ImagePosPat>0 0 205.5</ImagePosPat>
				<InstanceNumber>0</InstanceNumber>
				<ScalarPos>205.5</ScalarPos>
			</File>
			<File>
				<Filename>138.dcm</Filename>
				<RescaleIcSl>0 1</RescaleIcSl>
				<MD5Vinci4>42138CD0B4CC045626920564E7884669</MD5Vinci4>
				<ImagePosPat>0 0 207</ImagePosPat>
				<InstanceNumber>0</InstanceNumber>
				<ScalarPos>207</ScalarPos>
			</File>
			<File>
				<Filename>139.dcm</Filename>
				<RescaleIcSl>0 1</RescaleIcSl>
				<MD5Vinci4>4E82020E83BE3A4BDBF9F1B2DA5ADA28</MD5Vinci4>
				<ImagePosPat>0 0 208.5</ImagePosPat>
				<InstanceNumber>0</InstanceNumber>
				<ScalarPos>208.5</ScalarPos>
			</File>
			<File>
				<Filename>140.dcm</Filename>
				<RescaleIcSl>0 1</RescaleIcSl>
				<MD5Vinci4>013C9BF6FCBB33AC68FE2DE137B2EEEA</MD5Vinci4>
				<ImagePosPat>0 0 210</ImagePosPat>
				<InstanceNumber>0</InstanceNumber>
				<ScalarPos>210</ScalarPos>
			</File>
			<File>
				<Filename>141.dcm</Filename>
				<RescaleIcSl>0 1</RescaleIcSl>
				<MD5Vinci4>CB6BF4F469740721942D22E29FD3F2A9</MD5Vinci4>
				<ImagePosPat>0 0 211.5</ImagePosPat>
				<InstanceNumber>0</InstanceNumber>
				<ScalarPos>211.5</ScalarPos>
			</File>
			<File>
				<Filename>142.dcm</Filename>
				<RescaleIcSl>0 1</RescaleIcSl>
				<MD5Vinci4>94523557DD29C8A68E500A511B80B844</MD5Vinci4>
				<ImagePosPat>0 0 213</ImagePosPat>
				<InstanceNumber>0</InstanceNumber>
				<ScalarPos>213</ScalarPos>
			</File>
			<File>
				<Filename>143.dcm</Filename>
				<RescaleIcSl>0 1</RescaleIcSl>
				<MD5Vinci4>EF6DCA8C1C5D2B03738B169AC38CB262</MD5Vinci4>
				<ImagePosPat>0 0 214.5</ImagePosPat>
				<InstanceNumber>0</InstanceNumber>
				<ScalarPos>214.5</ScalarPos>
			</File>
			<File>
				<Filename>144.dcm</Filename>
				<RescaleIcSl>0 1</RescaleIcSl>
				<MD5Vinci4>5C049C252DBE612BD91485369FE6A273</MD5Vinci4>
				<ImagePosPat>0 0 216</ImagePosPat>
				<InstanceNumber>0</InstanceNumber>
				<ScalarPos>216</ScalarPos>
			</File>
			<File>
				<Filename>145.dcm</Filename>
				<RescaleIcSl>0 1</RescaleIcSl>
				<MD5Vinci4>1EB1633D64A298E54C0BDF43C55CCDC6</MD5Vinci4>
				<ImagePosPat>0 0 217.5</ImagePosPat>
				<InstanceNumber>0</InstanceNumber>
				<ScalarPos>217.5</ScalarPos>
			</File>
			<File>
				<Filename>146.dcm</Filename>
				<RescaleIcSl>0 1</RescaleIcSl>
				<MD5Vinci4>58AB1320C8049025BD977C035B60E9F5</MD5Vinci4>
				<ImagePosPat>0 0 219</ImagePosPat>
				<InstanceNumber>0</InstanceNumber>
				<ScalarPos>219</ScalarPos>
			</File>
			<File>
				<Filename>147.dcm</Filename>
				<RescaleIcSl>0 1</RescaleIcSl>
				<MD5Vinci4>4CFB7B5030AF1B03C32C294923F0B71B</MD5Vinci4>
				<ImagePosPat>0 0 220.5</ImagePosPat>
				<InstanceNumber>0</InstanceNumber>
				<ScalarPos>220.5</ScalarPos>
			</File>
			<File>
				<Filename>148.dcm</Filename>
				<RescaleIcSl>0 1</RescaleIcSl>
				<MD5Vinci4>54A6C7E564B0DD2CBBA5B73C10479FF1</MD5Vinci4>
				<ImagePosPat>0 0 222</ImagePosPat>
				<InstanceNumber>0</InstanceNumber>
				<ScalarPos>222</ScalarPos>
			</File>
			<File>
				<Filename>149.dcm</Filename>
				<RescaleIcSl>0 1</RescaleIcSl>
				<MD5Vinci4>B59CA3E3E715BB2BC353FAAA325B9A08</MD5Vinci4>
				<ImagePosPat>0 0 223.5</ImagePosPat>
				<InstanceNumber>0</InstanceNumber>
				<ScalarPos>223.5</ScalarPos>
			</File>
			<File>
				<Filename>150.dcm</Filename>
				<RescaleIcSl>0 1</RescaleIcSl>
				<MD5Vinci4>A87667905CD833A22915AABD1ACEFA35</MD5Vinci4>
				<ImagePosPat>0 0 225</ImagePosPat>
				<InstanceNumber>0</InstanceNumber>
				<ScalarPos>225</ScalarPos>
			</File>
			<File>
				<Filename>151.dcm</Filename>
				<RescaleIcSl>0 1</RescaleIcSl>
				<MD5Vinci4>1DD49AD188D1CA1C808F72A34A2B5EE1</MD5Vinci4>
				<ImagePosPat>0 0 226.5</ImagePosPat>
				<InstanceNumber>0</InstanceNumber>
				<ScalarPos>226.5</ScalarPos>
			</File>
			<File>
				<Filename>152.dcm</Filename>
				<RescaleIcSl>0 1</RescaleIcSl>
				<MD5Vinci4>EB288C00044FCFD5C03C7A7A2844B04D</MD5Vinci4>
				<ImagePosPat>0 0 228</ImagePosPat>
				<InstanceNumber>0</InstanceNumber>
				<ScalarPos>228</ScalarPos>
			</File>
			<File>
				<Filename>153.dcm</Filename>
				<RescaleIcSl>0 1</RescaleIcSl>
				<MD5Vinci4>247F243C068586D9E97768140F15646B</MD5Vinci4>
				<ImagePosPat>0 0 229.5</ImagePosPat>
				<InstanceNumber>0</InstanceNumber>
				<ScalarPos>229.5</ScalarPos>
			</File>
			<File>
				<Filename>154.dcm</Filename>
				<RescaleIcSl>0 1</RescaleIcSl>
				<MD5Vinci4>C2FD450986D79A5F0089FD997B083523</MD5Vinci4>
				<ImagePosPat>0 0 231</ImagePosPat>
				<InstanceNumber>0</InstanceNumber>
				<ScalarPos>231</ScalarPos>
			</File>
			<File>
				<Filename>155.dcm</Filename>
				<RescaleIcSl>0 1</RescaleIcSl>
				<MD5Vinci4>09BDE23F33CD95AAA9AFA79234BEBF53</MD5Vinci4>
				<ImagePosPat>0 0 232.5</ImagePosPat>
				<InstanceNumber>0</InstanceNumber>
				<ScalarPos>232.5</ScalarPos>
			</File>
			<File>
				<Filename>156.dcm</Filename>
				<RescaleIcSl>0 1</RescaleIcSl>
				<MD5Vinci4>C5CC4163E7C2BC4AD117C3742BABD0C4</MD5Vinci4>
				<ImagePosPat>0 0 234</ImagePosPat>
				<InstanceNumber>0</InstanceNumber>
				<ScalarPos>234</ScalarPos>
			</File>
			<File>
				<Filename>157.dcm</Filename>
				<RescaleIcSl>0 1</RescaleIcSl>
				<MD5Vinci4>2178F96A371FC71F2594B82C20F0C453</MD5Vinci4>
				<ImagePosPat>0 0 235.5</ImagePosPat>
				<InstanceNumber>0</InstanceNumber>
				<ScalarPos>235.5</ScalarPos>
			</File>
			<File>
				<Filename>158.dcm</Filename>
				<RescaleIcSl>0 1</RescaleIcSl>
				<MD5Vinci4>040B5022861D027B2FFBC1E7D862E96F</MD5Vinci4>
				<ImagePosPat>0 0 237</ImagePosPat>
				<InstanceNumber>0</InstanceNumber>
				<ScalarPos>237</ScalarPos>
			</File>
			<File>
				<Filename>159.dcm</Filename>
				<RescaleIcSl>0 1</RescaleIcSl>
				<MD5Vinci4>B9FEA013669524B08C00EB87130F8149</MD5Vinci4>
				<ImagePosPat>0 0 238.5</ImagePosPat>
				<InstanceNumber>0</InstanceNumber>
				<ScalarPos>238.5</ScalarPos>
			</File>
			<File>
				<Filename>160.dcm</Filename>
				<RescaleIcSl>0 1</RescaleIcSl>
				<MD5Vinci4>29E94B75C8EEF050ACBE2AD7008C943A</MD5Vinci4>
				<ImagePosPat>0 0 240</ImagePosPat>
				<InstanceNumber>0</InstanceNumber>
				<ScalarPos>240</ScalarPos>
			</File>
			<File>
				<Filename>161.dcm</Filename>
				<RescaleIcSl>0 1</RescaleIcSl>
				<MD5Vinci4>7B59961DA6208AF94F10D01A09285464</MD5Vinci4>
				<ImagePosPat>0 0 241.5</ImagePosPat>
				<InstanceNumber>0</InstanceNumber>
				<ScalarPos>241.5</ScalarPos>
			</File>
			<File>
				<Filename>162.dcm</Filename>
				<RescaleIcSl>0 1</RescaleIcSl>
				<MD5Vinci4>2C654DE2763702117B3522B0D4D3C581</MD5Vinci4>
				<ImagePosPat>0 0 243</ImagePosPat>
				<InstanceNumber>0</InstanceNumber>
				<ScalarPos>243</ScalarPos>
			</File>
			<File>
				<Filename>163.dcm</Filename>
				<RescaleIcSl>0 1</RescaleIcSl>
				<MD5Vinci4>BE9FCD63558FDE11AFEC4E371E4BADF7</MD5Vinci4>
				<ImagePosPat>0 0 244.5</ImagePosPat>
				<InstanceNumber>0</InstanceNumber>
				<ScalarPos>244.5</ScalarPos>
			</File>
			<File>
				<Filename>164.dcm</Filename>
				<RescaleIcSl>0 1</RescaleIcSl>
				<MD5Vinci4>C0382DA30BF9E44AC4F4AE5777231A28</MD5Vinci4>
				<ImagePosPat>0 0 246</ImagePosPat>
				<InstanceNumber>0</InstanceNumber>
				<ScalarPos>246</ScalarPos>
			</File>
			<File>
				<Filename>165.dcm</Filename>
				<RescaleIcSl>0 1</RescaleIcSl>
				<MD5Vinci4>AA68EDCE9F96AD04DCE2C8CFE9306A8D</MD5Vinci4>
				<ImagePosPat>0 0 247.5</ImagePosPat>
				<InstanceNumber>0</InstanceNumber>
				<ScalarPos>247.5</ScalarPos>
			</File>
			<File>
				<Filename>166.dcm</Filename>
				<RescaleIcSl>0 1</RescaleIcSl>
				<MD5Vinci4>3579641B31FFC121E235200C0906B972</MD5Vinci4>
				<ImagePosPat>0 0 249</ImagePosPat>
				<InstanceNumber>0</InstanceNumber>
				<ScalarPos>249</ScalarPos>
			</File>
			<File>
				<Filename>167.dcm</Filename>
				<RescaleIcSl>0 1</RescaleIcSl>
				<MD5Vinci4>6E5F9C40E27216788D3241F22E976281</MD5Vinci4>
				<ImagePosPat>0 0 250.5</ImagePosPat>
				<InstanceNumber>0</InstanceNumber>
				<ScalarPos>250.5</ScalarPos>
			</File>
			<File>
				<Filename>168.dcm</Filename>
				<RescaleIcSl>0 1</RescaleIcSl>
				<MD5Vinci4>54D8DB5FA5D3ABB01C95A2DD15AABC1D</MD5Vinci4>
				<ImagePosPat>0 0 252</ImagePosPat>
				<InstanceNumber>0</InstanceNumber>
				<ScalarPos>252</ScalarPos>
			</File>
			<File>
				<Filename>169.dcm</Filename>
				<RescaleIcSl>0 1</RescaleIcSl>
				<MD5Vinci4>8EB4CAAEA044DB27CEF7443BD80A2FEC</MD5Vinci4>
				<ImagePosPat>0 0 253.5</ImagePosPat>
				<InstanceNumber>0</InstanceNumber>
				<ScalarPos>253.5</ScalarPos>
			</File>
			<File>
				<Filename>170.dcm</Filename>
				<RescaleIcSl>0 1</RescaleIcSl>
				<MD5Vinci4>E8E048FFE26188DE16603CD91F958D42</MD5Vinci4>
				<ImagePosPat>0 0 255</ImagePosPat>
				<InstanceNumber>0</InstanceNumber>
				<ScalarPos>255</ScalarPos>
			</File>
			<File>
				<Filename>171.dcm</Filename>
				<RescaleIcSl>0 1</RescaleIcSl>
				<MD5Vinci4>B86988E97B0935A124D906D58046C86D</MD5Vinci4>
				<ImagePosPat>0 0 256.5</ImagePosPat>
				<InstanceNumber>0</InstanceNumber>
				<ScalarPos>256.5</ScalarPos>
			</File>
			<File>
				<Filename>172.dcm</Filename>
				<RescaleIcSl>0 1</RescaleIcSl>
				<MD5Vinci4>8EB4BDB474E7F2BED8269E9351C72C2C</MD5Vinci4>
				<ImagePosPat>0 0 258</ImagePosPat>
				<InstanceNumber>0</InstanceNumber>
				<ScalarPos>258</ScalarPos>
			</File>
			<File>
				<Filename>173.dcm</Filename>
				<RescaleIcSl>0 1</RescaleIcSl>
				<MD5Vinci4>CC5D081434E68B74EC6EF05385A5A798</MD5Vinci4>
				<ImagePosPat>0 0 259.5</ImagePosPat>
				<InstanceNumber>0</InstanceNumber>
				<ScalarPos>259.5</ScalarPos>
			</File>
			<File>
				<Filename>174.dcm</Filename>
				<RescaleIcSl>0 1</RescaleIcSl>
				<MD5Vinci4>A6C407802F534B19C63D1145A6526E20</MD5Vinci4>
				<ImagePosPat>0 0 261</ImagePosPat>
				<InstanceNumber>0</InstanceNumber>
				<ScalarPos>261</ScalarPos>
			</File>
			<File>
				<Filename>175.dcm</Filename>
				<RescaleIcSl>0 1</RescaleIcSl>
				<MD5Vinci4>9EB65CDB917416B8E23B685D8A3C1481</MD5Vinci4>
				<ImagePosPat>0 0 262.5</ImagePosPat>
				<InstanceNumber>0</InstanceNumber>
				<ScalarPos>262.5</ScalarPos>
			</File>
			<File>
				<Filename>176.dcm</Filename>
				<RescaleIcSl>0 1</RescaleIcSl>
				<MD5Vinci4>7EF5F6278BDC6270213B1B1D448F798F</MD5Vinci4>
				<ImagePosPat>0 0 264</ImagePosPat>
				<InstanceNumber>0</InstanceNumber>
				<ScalarPos>264</ScalarPos>
			</File>
			<File>
				<Filename>177.dcm</Filename>
				<RescaleIcSl>0 1</RescaleIcSl>
				<MD5Vinci4>42A00334C3CCF72B1EC2A7EB143C137C</MD5Vinci4>
				<ImagePosPat>0 0 265.5</ImagePosPat>
				<InstanceNumber>0</InstanceNumber>
				<ScalarPos>265.5</ScalarPos>
			</File>
			<File>
				<Filename>178.dcm</Filename>
				<RescaleIcSl>0 1</RescaleIcSl>
				<MD5Vinci4>53424426E694D93149B0B5443D27F4FC</MD5Vinci4>
				<ImagePosPat>0 0 267</ImagePosPat>
				<InstanceNumber>0</InstanceNumber>
				<ScalarPos>267</ScalarPos>
			</File>
			<File>
				<Filename>179.dcm</Filename>
				<RescaleIcSl>0 1</RescaleIcSl>
				<MD5Vinci4>F7CF3F3D673A8E2DDAF1A237E4B0142C</MD5Vinci4>
				<ImagePosPat>0 0 268.5</ImagePosPat>
				<InstanceNumber>0</InstanceNumber>
				<ScalarPos>268.5</ScalarPos>
			</File>
			<File>
				<Filename>180.dcm</Filename>
				<RescaleIcSl>0 1</RescaleIcSl>
				<MD5Vinci4>BDA54A48D413AD005EDEF616F0C06242</MD5Vinci4>
				<ImagePosPat>0 0 270</ImagePosPat>
				<InstanceNumber>0</InstanceNumber>
				<ScalarPos>270</ScalarPos>
			</File>
			<File>
				<Filename>181.dcm</Filename>
				<RescaleIcSl>0 1</RescaleIcSl>
				<MD5Vinci4>35DC1A6AD6F4FC6B52C925512489C55B</MD5Vinci4>
				<ImagePosPat>0 0 271.5</ImagePosPat>
				<InstanceNumber>0</InstanceNumber>
				<ScalarPos>271.5</ScalarPos>
			</File>
			<File>
				<Filename>182.dcm</Filename>
				<RescaleIcSl>0 1</RescaleIcSl>
				<MD5Vinci4>1F42237D49EFF1604B65E7528555A496</MD5Vinci4>
				<ImagePosPat>0 0 273</ImagePosPat>
				<InstanceNumber>0</InstanceNumber>
				<ScalarPos>273</ScalarPos>
			</File>
			<File>
				<Filename>183.dcm</Filename>
				<RescaleIcSl>0 1</RescaleIcSl>
				<MD5Vinci4>D8B3C81446D75C64C1836560040C2698</MD5Vinci4>
				<ImagePosPat>0 0 274.5</ImagePosPat>
				<InstanceNumber>0</InstanceNumber>
				<ScalarPos>274.5</ScalarPos>
			</File>
			<File>
				<Filename>184.dcm</Filename>
				<RescaleIcSl>0 1</RescaleIcSl>
				<MD5Vinci4>F3C7CA62E400FE302BEF08B466B2C3F6</MD5Vinci4>
				<ImagePosPat>0 0 276</ImagePosPat>
				<InstanceNumber>0</InstanceNumber>
				<ScalarPos>276</ScalarPos>
			</File>
			<File>
				<Filename>185.dcm</Filename>
				<RescaleIcSl>0 1</RescaleIcSl>
				<MD5Vinci4>503E2F150AC09FD6B3A6CCB501454471</MD5Vinci4>
				<ImagePosPat>0 0 277.5</ImagePosPat>
				<InstanceNumber>0</InstanceNumber>
				<ScalarPos>277.5</ScalarPos>
			</File>
			<File>
				<Filename>186.dcm</Filename>
				<RescaleIcSl>0 1</RescaleIcSl>
				<MD5Vinci4>43702F96BDFD2C075FD466984B35D1EF</MD5Vinci4>
				<ImagePosPat>0 0 279</ImagePosPat>
				<InstanceNumber>0</InstanceNumber>
				<ScalarPos>279</ScalarPos>
			</File>
			<File>
				<Filename>187.dcm</Filename>
				<RescaleIcSl>0 1</RescaleIcSl>
				<MD5Vinci4>32A88B4E6A7F48AF1ABF291B0E422A29</MD5Vinci4>
				<ImagePosPat>0 0 280.5</ImagePosPat>
				<InstanceNumber>0</InstanceNumber>
				<ScalarPos>280.5</ScalarPos>
			</File>
			<File>
				<Filename>188.dcm</Filename>
				<RescaleIcSl>0 1</RescaleIcSl>
				<MD5Vinci4>D624690B40DC31714BE171BF99791331</MD5Vinci4>
				<ImagePosPat>0 0 282</ImagePosPat>
				<InstanceNumber>0</InstanceNumber>
				<ScalarPos>282</ScalarPos>
			</File>
			<File>
				<Filename>189.dcm</Filename>
				<RescaleIcSl>0 1</RescaleIcSl>
				<MD5Vinci4>91081AD8EDF23E91BAB1336D677397E4</MD5Vinci4>
				<ImagePosPat>0 0 283.5</ImagePosPat>
				<InstanceNumber>0</InstanceNumber>
				<ScalarPos>283.5</ScalarPos>
			</File>
			<File>
				<Filename>190.dcm</Filename>
				<RescaleIcSl>0 1</RescaleIcSl>
				<MD5Vinci4>A8F959F031EEBC933062241320C852BB</MD5Vinci4>
				<ImagePosPat>0 0 285</ImagePosPat>
				<InstanceNumber>0</InstanceNumber>
				<ScalarPos>285</ScalarPos>
			</File>
			<File>
				<Filename>191.dcm</Filename>
				<RescaleIcSl>0 1</RescaleIcSl>
				<MD5Vinci4>4D9EAEEEBE5C992DE1B2567C53D2902B</MD5Vinci4>
				<ImagePosPat>0 0 286.5</ImagePosPat>
				<InstanceNumber>0</InstanceNumber>
				<ScalarPos>286.5</ScalarPos>
			</File>
			<File>
				<Filename>192.dcm</Filename>
				<RescaleIcSl>0 1</RescaleIcSl>
				<MD5Vinci4>D1F800F4137AED84049F616102F50BBB</MD5Vinci4>
				<ImagePosPat>0 0 288</ImagePosPat>
				<InstanceNumber>0</InstanceNumber>
				<ScalarPos>288</ScalarPos>
			</File>
			<File>
				<Filename>193.dcm</Filename>
				<RescaleIcSl>0 1</RescaleIcSl>
				<MD5Vinci4>F5FEA4E9BD430D8E2EBDCAD8EEFD1FE0</MD5Vinci4>
				<ImagePosPat>0 0 289.5</ImagePosPat>
				<InstanceNumber>0</InstanceNumber>
				<ScalarPos>289.5</ScalarPos>
			</File>
			<File>
				<Filename>194.dcm</Filename>
				<RescaleIcSl>0 1</RescaleIcSl>
				<MD5Vinci4>D23042DDC589BD3E91B3915E4554A750</MD5Vinci4>
				<ImagePosPat>0 0 291</ImagePosPat>
				<InstanceNumber>0</InstanceNumber>
				<ScalarPos>291</ScalarPos>
			</File>
			<File>
				<Filename>195.dcm</Filename>
				<RescaleIcSl>0 1</RescaleIcSl>
				<MD5Vinci4>97F29C28F66D4DE7F543101E47E87D01</MD5Vinci4>
				<ImagePosPat>0 0 292.5</ImagePosPat>
				<InstanceNumber>0</InstanceNumber>
				<ScalarPos>292.5</ScalarPos>
			</File>
			<File>
				<Filename>196.dcm</Filename>
				<RescaleIcSl>0 1</RescaleIcSl>
				<MD5Vinci4>593A6EF5D3973D78E54ED8FC431D8054</MD5Vinci4>
				<ImagePosPat>0 0 294</ImagePosPat>
				<InstanceNumber>0</InstanceNumber>
				<ScalarPos>294</ScalarPos>
			</File>
			<File>
				<Filename>197.dcm</Filename>
				<RescaleIcSl>0 1</RescaleIcSl>
				<MD5Vinci4>4BC5319E606A158BECB60677A8379B96</MD5Vinci4>
				<ImagePosPat>0 0 295.5</ImagePosPat>
				<InstanceNumber>0</InstanceNumber>
				<ScalarPos>295.5</ScalarPos>
			</File>
			<File>
				<Filename>198.dcm</Filename>
				<RescaleIcSl>0 1</RescaleIcSl>
				<MD5Vinci4>EDD7777FD0C10282395E59AF6B2CC8E1</MD5Vinci4>
				<ImagePosPat>0 0 297</ImagePosPat>
				<InstanceNumber>0</InstanceNumber>
				<ScalarPos>297</ScalarPos>
			</File>
			<File>
				<Filename>199.dcm</Filename>
				<RescaleIcSl>0 1</RescaleIcSl>
				<MD5Vinci4>44EE740500B88752E4D54F21BE2B2AFC</MD5Vinci4>
				<ImagePosPat>0 0 298.5</ImagePosPat>
				<InstanceNumber>0</InstanceNumber>
				<ScalarPos>298.5</ScalarPos>
			</File>
			<File>
				<Filename>200.dcm</Filename>
				<RescaleIcSl>0 1</RescaleIcSl>
				<MD5Vinci4>D152D245284A21730E99809C26DB4A10</MD5Vinci4>
				<ImagePosPat>0 0 300</ImagePosPat>
				<InstanceNumber>0</InstanceNumber>
				<ScalarPos>300</ScalarPos>
			</File>
			<File>
				<Filename>201.dcm</Filename>
				<RescaleIcSl>0 1</RescaleIcSl>
				<MD5Vinci4>1EE1413E16B5EACFB000656B5C795096</MD5Vinci4>
				<ImagePosPat>0 0 301.5</ImagePosPat>
				<InstanceNumber>0</InstanceNumber>
				<ScalarPos>301.5</ScalarPos>
			</File>
			<File>
				<Filename>202.dcm</Filename>
				<RescaleIcSl>0 1</RescaleIcSl>
				<MD5Vinci4>64EDF2DB66A0674C5070BDCDBAA3B363</MD5Vinci4>
				<ImagePosPat>0 0 303</ImagePosPat>
				<InstanceNumber>0</InstanceNumber>
				<ScalarPos>303</ScalarPos>
			</File>
			<File>
				<Filename>203.dcm</Filename>
				<RescaleIcSl>0 1</RescaleIcSl>
				<MD5Vinci4>8F1C3B43898E49A1DB18B920D91830A9</MD5Vinci4>
				<ImagePosPat>0 0 304.5</ImagePosPat>
				<InstanceNumber>0</InstanceNumber>
				<ScalarPos>304.5</ScalarPos>
			</File>
			<File>
				<Filename>204.dcm</Filename>
				<RescaleIcSl>0 1</RescaleIcSl>
				<MD5Vinci4>418D30FCC3E7DD792839F9104CBD5787</MD5Vinci4>
				<ImagePosPat>0 0 306</ImagePosPat>
				<InstanceNumber>0</InstanceNumber>
				<ScalarPos>306</ScalarPos>
			</File>
			<File>
				<Filename>205.dcm</Filename>
				<RescaleIcSl>0 1</RescaleIcSl>
				<MD5Vinci4>9FA55B528AC40EBE88A6142A67CF0D7E</MD5Vinci4>
				<ImagePosPat>0 0 307.5</ImagePosPat>
				<InstanceNumber>0</InstanceNumber>
				<ScalarPos>307.5</ScalarPos>
			</File>
			<File>
				<Filename>206.dcm</Filename>
				<RescaleIcSl>0 1</RescaleIcSl>
				<MD5Vinci4>8F90BF999F9689341C06D9D7345310EA</MD5Vinci4>
				<ImagePosPat>0 0 309</ImagePosPat>
				<InstanceNumber>0</InstanceNumber>
				<ScalarPos>309</ScalarPos>
			</File>
			<File>
				<Filename>207.dcm</Filename>
				<RescaleIcSl>0 1</RescaleIcSl>
				<MD5Vinci4>320221996B513A5D4E896E2597AD05CC</MD5Vinci4>
				<ImagePosPat>0 0 310.5</ImagePosPat>
				<InstanceNumber>0</InstanceNumber>
				<ScalarPos>310.5</ScalarPos>
			</File>
			<File>
				<Filename>208.dcm</Filename>
				<RescaleIcSl>0 1</RescaleIcSl>
				<MD5Vinci4>362AA9B7E7E1FDC8D575F2997BADE167</MD5Vinci4>
				<ImagePosPat>0 0 312</ImagePosPat>
				<InstanceNumber>0</InstanceNumber>
				<ScalarPos>312</ScalarPos>
			</File>
			<File>
				<Filename>209.dcm</Filename>
				<RescaleIcSl>0 1</RescaleIcSl>
				<MD5Vinci4>70B8D17B17DA7A3050DDAC78F1F75681</MD5Vinci4>
				<ImagePosPat>0 0 313.5</ImagePosPat>
				<InstanceNumber>0</InstanceNumber>
				<ScalarPos>313.5</ScalarPos>
			</File>
			<File>
				<Filename>210.dcm</Filename>
				<RescaleIcSl>0 1</RescaleIcSl>
				<MD5Vinci4>E3294C48D8B529E6D44DA2AA27D361EC</MD5Vinci4>
				<ImagePosPat>0 0 315</ImagePosPat>
				<InstanceNumber>0</InstanceNumber>
				<ScalarPos>315</ScalarPos>
			</File>
			<File>
				<Filename>211.dcm</Filename>
				<RescaleIcSl>0 1</RescaleIcSl>
				<MD5Vinci4>B673418FB58B95B2D9F0F4105B54A975</MD5Vinci4>
				<ImagePosPat>0 0 316.5</ImagePosPat>
				<InstanceNumber>0</InstanceNumber>
				<ScalarPos>316.5</ScalarPos>
			</File>
			<File>
				<Filename>212.dcm</Filename>
				<RescaleIcSl>0 1</RescaleIcSl>
				<MD5Vinci4>FA4E53902631A12EDD1E7556541DC0E7</MD5Vinci4>
				<ImagePosPat>0 0 318</ImagePosPat>
				<InstanceNumber>0</InstanceNumber>
				<ScalarPos>318</ScalarPos>
			</File>
			<File>
				<Filename>213.dcm</Filename>
				<RescaleIcSl>0 1</RescaleIcSl>
				<MD5Vinci4>0130AFE16324E2AFE9C2C3FFE191658E</MD5Vinci4>
				<ImagePosPat>0 0 319.5</ImagePosPat>
				<InstanceNumber>0</InstanceNumber>
				<ScalarPos>319.5</ScalarPos>
			</File>
			<File>
				<Filename>214.dcm</Filename>
				<RescaleIcSl>0 1</RescaleIcSl>
				<MD5Vinci4>CD8739238507471ABCCAE4468DFAAF10</MD5Vinci4>
				<ImagePosPat>0 0 321</ImagePosPat>
				<InstanceNumber>0</InstanceNumber>
				<ScalarPos>321</ScalarPos>
			</File>
			<File>
				<Filename>215.dcm</Filename>
				<RescaleIcSl>0 1</RescaleIcSl>
				<MD5Vinci4>4D19EAFFC2ED19B9A633A068BB90DC74</MD5Vinci4>
				<ImagePosPat>0 0 322.5</ImagePosPat>
				<InstanceNumber>0</InstanceNumber>
				<ScalarPos>322.5</ScalarPos>
			</File>
			<File>
				<Filename>216.dcm</Filename>
				<RescaleIcSl>0 1</RescaleIcSl>
				<MD5Vinci4>A7FA7B686A07C175DC2FB0A4190A8C6A</MD5Vinci4>
				<ImagePosPat>0 0 324</ImagePosPat>
				<InstanceNumber>0</InstanceNumber>
				<ScalarPos>324</ScalarPos>
			</File>
			<File>
				<Filename>217.dcm</Filename>
				<RescaleIcSl>0 1</RescaleIcSl>
				<MD5Vinci4>14928865EDAC4CB789E4B58184FBABD2</MD5Vinci4>
				<ImagePosPat>0 0 325.5</ImagePosPat>
				<InstanceNumber>0</InstanceNumber>
				<ScalarPos>325.5</ScalarPos>
			</File>
			<File>
				<Filename>218.dcm</Filename>
				<RescaleIcSl>0 1</RescaleIcSl>
				<MD5Vinci4>2305A7BCF5039EF8F7784E113DCF03C2</MD5Vinci4>
				<ImagePosPat>0 0 327</ImagePosPat>
				<InstanceNumber>0</InstanceNumber>
				<ScalarPos>327</ScalarPos>
			</File>
			<File>
				<Filename>219.dcm</Filename>
				<RescaleIcSl>0 1</RescaleIcSl>
				<MD5Vinci4>B78C2A9FC320EDE135A40ECB55D71F2A</MD5Vinci4>
				<ImagePosPat>0 0 328.5</ImagePosPat>
				<InstanceNumber>0</InstanceNumber>
				<ScalarPos>328.5</ScalarPos>
			</File>
			<File>
				<Filename>220.dcm</Filename>
				<RescaleIcSl>0 1</RescaleIcSl>
				<MD5Vinci4>9B5390BFDD48ADC5D1EB1BC1F6ACB5E8</MD5Vinci4>
				<ImagePosPat>0 0 330</ImagePosPat>
				<InstanceNumber>0</InstanceNumber>
				<ScalarPos>330</ScalarPos>
			</File>
			<File>
				<Filename>221.dcm</Filename>
				<RescaleIcSl>0 1</RescaleIcSl>
				<MD5Vinci4>82D264ADA2E9FD8E5933518B6A1235DF</MD5Vinci4>
				<ImagePosPat>0 0 331.5</ImagePosPat>
				<InstanceNumber>0</InstanceNumber>
				<ScalarPos>331.5</ScalarPos>
			</File>
			<File>
				<Filename>222.dcm</Filename>
				<RescaleIcSl>0 1</RescaleIcSl>
				<MD5Vinci4>6A36DFE4DFC89F9A295091933E20F11D</MD5Vinci4>
				<ImagePosPat>0 0 333</ImagePosPat>
				<InstanceNumber>0</InstanceNumber>
				<ScalarPos>333</ScalarPos>
			</File>
			<File>
				<Filename>223.dcm</Filename>
				<RescaleIcSl>0 1</RescaleIcSl>
				<MD5Vinci4>43E2F66E824FD097D5406F2E54E4BA7B</MD5Vinci4>
				<ImagePosPat>0 0 334.5</ImagePosPat>
				<InstanceNumber>0</InstanceNumber>
				<ScalarPos>334.5</ScalarPos>
			</File>
			<File>
				<Filename>224.dcm</Filename>
				<RescaleIcSl>0 1</RescaleIcSl>
				<MD5Vinci4>055EE7006FA61ABCC40525ABD353E613</MD5Vinci4>
				<ImagePosPat>0 0 336</ImagePosPat>
				<InstanceNumber>0</InstanceNumber>
				<ScalarPos>336</ScalarPos>
			</File>
			<File>
				<Filename>225.dcm</Filename>
				<RescaleIcSl>0 1</RescaleIcSl>
				<MD5Vinci4>A9C7608C1FE1FBD05255B58AB95E54A8</MD5Vinci4>
				<ImagePosPat>0 0 337.5</ImagePosPat>
				<InstanceNumber>0</InstanceNumber>
				<ScalarPos>337.5</ScalarPos>
			</File>
			<File>
				<Filename>226.dcm</Filename>
				<RescaleIcSl>0 1</RescaleIcSl>
				<MD5Vinci4>26DD318E7FFAEB7D8F3C484EAF80A243</MD5Vinci4>
				<ImagePosPat>0 0 339</ImagePosPat>
				<InstanceNumber>0</InstanceNumber>
				<ScalarPos>339</ScalarPos>
			</File>
			<File>
				<Filename>227.dcm</Filename>
				<RescaleIcSl>0 1</RescaleIcSl>
				<MD5Vinci4>50DB8DAE5489FDBB6205B226B1966DFA</MD5Vinci4>
				<ImagePosPat>0 0 340.5</ImagePosPat>
				<InstanceNumber>0</InstanceNumber>
				<ScalarPos>340.5</ScalarPos>
			</File>
			<File>
				<Filename>228.dcm</Filename>
				<RescaleIcSl>0 1</RescaleIcSl>
				<MD5Vinci4>041B374A2136B65C434B404B429B1E0E</MD5Vinci4>
				<ImagePosPat>0 0 342</ImagePosPat>
				<InstanceNumber>0</InstanceNumber>
				<ScalarPos>342</ScalarPos>
			</File>
			<File>
				<Filename>229.dcm</Filename>
				<RescaleIcSl>0 1</RescaleIcSl>
				<MD5Vinci4>680FFCF99D26234B4F8634C0123E23E2</MD5Vinci4>
				<ImagePosPat>0 0 343.5</ImagePosPat>
				<InstanceNumber>0</InstanceNumber>
				<ScalarPos>343.5</ScalarPos>
			</File>
			<File>
				<Filename>230.dcm</Filename>
				<RescaleIcSl>0 1</RescaleIcSl>
				<MD5Vinci4>B527B534814382DEC29E9C7E88897E74</MD5Vinci4>
				<ImagePosPat>0 0 345</ImagePosPat>
				<InstanceNumber>0</InstanceNumber>
				<ScalarPos>345</ScalarPos>
			</File>
			<File>
				<Filename>231.dcm</Filename>
				<RescaleIcSl>0 1</RescaleIcSl>
				<MD5Vinci4>4370ACFE0320F0DF27B52521EAB751FF</MD5Vinci4>
				<ImagePosPat>0 0 346.5</ImagePosPat>
				<InstanceNumber>0</InstanceNumber>
				<ScalarPos>346.5</ScalarPos>
			</File>
			<File>
				<Filename>232.dcm</Filename>
				<RescaleIcSl>0 1</RescaleIcSl>
				<MD5Vinci4>0E3482665569DBCBC659236D1FBA5B19</MD5Vinci4>
				<ImagePosPat>0 0 348</ImagePosPat>
				<InstanceNumber>0</InstanceNumber>
				<ScalarPos>348</ScalarPos>
			</File>
			<File>
				<Filename>233.dcm</Filename>
				<RescaleIcSl>0 1</RescaleIcSl>
				<MD5Vinci4>77A8DE32BABE573E6974AEC617184481</MD5Vinci4>
				<ImagePosPat>0 0 349.5</ImagePosPat>
				<InstanceNumber>0</InstanceNumber>
				<ScalarPos>349.5</ScalarPos>
			</File>
			<File>
				<Filename>234.dcm</Filename>
				<RescaleIcSl>0 1</RescaleIcSl>
				<MD5Vinci4>9DC41B43CCADDEE6A1B09670CFC0EA49</MD5Vinci4>
				<ImagePosPat>0 0 351</ImagePosPat>
				<InstanceNumber>0</InstanceNumber>
				<ScalarPos>351</ScalarPos>
			</File>
			<File>
				<Filename>235.dcm</Filename>
				<RescaleIcSl>0 1</RescaleIcSl>
				<MD5Vinci4>D17E9CD628AAB0E0688C79C81986EF82</MD5Vinci4>
				<ImagePosPat>0 0 352.5</ImagePosPat>
				<InstanceNumber>0</InstanceNumber>
				<ScalarPos>352.5</ScalarPos>
			</File>
			<File>
				<Filename>236.dcm</Filename>
				<RescaleIcSl>0 1</RescaleIcSl>
				<MD5Vinci4>436E33A1FA7D2170A2329CF26C6B1907</MD5Vinci4>
				<ImagePosPat>0 0 354</ImagePosPat>
				<InstanceNumber>0</InstanceNumber>
				<ScalarPos>354</ScalarPos>
			</File>
			<File>
				<Filename>237.dcm</Filename>
				<RescaleIcSl>0 1</RescaleIcSl>
				<MD5Vinci4>47BA8E662BE90143C9FEE59A8875A250</MD5Vinci4>
				<ImagePosPat>0 0 355.5</ImagePosPat>
				<InstanceNumber>0</InstanceNumber>
				<ScalarPos>355.5</ScalarPos>
			</File>
			<File>
				<Filename>238.dcm</Filename>
				<RescaleIcSl>0 1</RescaleIcSl>
				<MD5Vinci4>D4C20AD94A29E52E8A42D60E55A2C368</MD5Vinci4>
				<ImagePosPat>0 0 357</ImagePosPat>
				<InstanceNumber>0</InstanceNumber>
				<ScalarPos>357</ScalarPos>
			</File>
			<File>
				<Filename>239.dcm</Filename>
				<RescaleIcSl>0 1</RescaleIcSl>
				<MD5Vinci4>B71667F791DD4AB56AAD91CE6898D493</MD5Vinci4>
				<ImagePosPat>0 0 358.5</ImagePosPat>
				<InstanceNumber>0</InstanceNumber>
				<ScalarPos>358.5</ScalarPos>
			</File>
			<File>
				<Filename>240.dcm</Filename>
				<RescaleIcSl>0 1</RescaleIcSl>
				<MD5Vinci4>1B0D9D0F6E1BEF0BCC1C871D682B9E42</MD5Vinci4>
				<ImagePosPat>0 0 360</ImagePosPat>
				<InstanceNumber>0</InstanceNumber>
				<ScalarPos>360</ScalarPos>
			</File>
			<File>
				<Filename>241.dcm</Filename>
				<RescaleIcSl>0 1</RescaleIcSl>
				<MD5Vinci4>DB5FDB4E186B6B2827E41E4CB8129F40</MD5Vinci4>
				<ImagePosPat>0 0 361.5</ImagePosPat>
				<InstanceNumber>0</InstanceNumber>
				<ScalarPos>361.5</ScalarPos>
			</File>
			<File>
				<Filename>242.dcm</Filename>
				<RescaleIcSl>0 1</RescaleIcSl>
				<MD5Vinci4>DC611FA7DB3B0E708633E5350D5ED9C2</MD5Vinci4>
				<ImagePosPat>0 0 363</ImagePosPat>
				<InstanceNumber>0</InstanceNumber>
				<ScalarPos>363</ScalarPos>
			</File>
			<File>
				<Filename>243.dcm</Filename>
				<RescaleIcSl>0 1</RescaleIcSl>
				<MD5Vinci4>80C1902EA3CE7DE468C44254C019FE23</MD5Vinci4>
				<ImagePosPat>0 0 364.5</ImagePosPat>
				<InstanceNumber>0</InstanceNumber>
				<ScalarPos>364.5</ScalarPos>
			</File>
			<File>
				<Filename>244.dcm</Filename>
				<RescaleIcSl>0 1</RescaleIcSl>
				<MD5Vinci4>7CF67AA21D6E4ED234952CB2D4B84A57</MD5Vinci4>
				<ImagePosPat>0 0 366</ImagePosPat>
				<InstanceNumber>0</InstanceNumber>
				<ScalarPos>366</ScalarPos>
			</File>
			<File>
				<Filename>245.dcm</Filename>
				<RescaleIcSl>0 1</RescaleIcSl>
				<MD5Vinci4>5B269ABFC1F72BBB255FAB72E7683FEF</MD5Vinci4>
				<ImagePosPat>0 0 367.5</ImagePosPat>
				<InstanceNumber>0</InstanceNumber>
				<ScalarPos>367.5</ScalarPos>
			</File>
			<File>
				<Filename>246.dcm</Filename>
				<RescaleIcSl>0 1</RescaleIcSl>
				<MD5Vinci4>146356D12031671960FC45BA93EB7090</MD5Vinci4>
				<ImagePosPat>0 0 369</ImagePosPat>
				<InstanceNumber>0</InstanceNumber>
				<ScalarPos>369</ScalarPos>
			</File>
			<File>
				<Filename>247.dcm</Filename>
				<RescaleIcSl>0 1</RescaleIcSl>
				<MD5Vinci4>5F671BA0C34A0A3BD15A0C9A3D841980</MD5Vinci4>
				<ImagePosPat>0 0 370.5</ImagePosPat>
				<InstanceNumber>0</InstanceNumber>
				<ScalarPos>370.5</ScalarPos>
			</File>
			<File>
				<Filename>248.dcm</Filename>
				<RescaleIcSl>0 1</RescaleIcSl>
				<MD5Vinci4>BEA548CDA3D7A3B2B7C9F5D8D5A92F5C</MD5Vinci4>
				<ImagePosPat>0 0 372</ImagePosPat>
				<InstanceNumber>0</InstanceNumber>
				<ScalarPos>372</ScalarPos>
			</File>
			<File>
				<Filename>249.dcm</Filename>
				<RescaleIcSl>0 1</RescaleIcSl>
				<MD5Vinci4>BF7322CE51444D2BEDA598689834EEB1</MD5Vinci4>
				<ImagePosPat>0 0 373.5</ImagePosPat>
				<InstanceNumber>0</InstanceNumber>
				<ScalarPos>373.5</ScalarPos>
			</File>
			<File>
				<Filename>250.dcm</Filename>
				<RescaleIcSl>0 1</RescaleIcSl>
				<MD5Vinci4>3ED88C524E6C34C1052F1ABE486D58C5</MD5Vinci4>
				<ImagePosPat>0 0 375</ImagePosPat>
				<InstanceNumber>0</InstanceNumber>
				<ScalarPos>375</ScalarPos>
			</File>
			<File>
				<Filename>251.dcm</Filename>
				<RescaleIcSl>0 1</RescaleIcSl>
				<MD5Vinci4>3AB2A925BB4BB8E792407C008D7EBE78</MD5Vinci4>
				<ImagePosPat>0 0 376.5</ImagePosPat>
				<InstanceNumber>0</InstanceNumber>
				<ScalarPos>376.5</ScalarPos>
			</File>
			<File>
				<Filename>252.dcm</Filename>
				<RescaleIcSl>0 1</RescaleIcSl>
				<MD5Vinci4>1B0ABCC8F9980E779FA0323EC033142E</MD5Vinci4>
				<ImagePosPat>0 0 378</ImagePosPat>
				<InstanceNumber>0</InstanceNumber>
				<ScalarPos>378</ScalarPos>
			</File>
			<File>
				<Filename>253.dcm</Filename>
				<RescaleIcSl>0 1</RescaleIcSl>
				<MD5Vinci4>CD7351BB9B26D3A45B81BA90A3536B76</MD5Vinci4>
				<ImagePosPat>0 0 379.5</ImagePosPat>
				<InstanceNumber>0</InstanceNumber>
				<ScalarPos>379.5</ScalarPos>
			</File>
			<File>
				<Filename>254.dcm</Filename>
				<RescaleIcSl>0 1</RescaleIcSl>
				<MD5Vinci4>74680FA4549DB5746892A341C684A272</MD5Vinci4>
				<ImagePosPat>0 0 381</ImagePosPat>
				<InstanceNumber>0</InstanceNumber>
				<ScalarPos>381</ScalarPos>
			</File>
			<File>
				<Filename>255.dcm</Filename>
				<RescaleIcSl>0 1</RescaleIcSl>
				<MD5Vinci4>7F2B2848F67414206DA91C7319A66504</MD5Vinci4>
				<ImagePosPat>0 0 382.5</ImagePosPat>
				<InstanceNumber>0</InstanceNumber>
				<ScalarPos>382.5</ScalarPos>
			</File>
			<File>
				<Filename>256.dcm</Filename>
				<RescaleIcSl>0 1</RescaleIcSl>
				<MD5Vinci4>92DE0C3BC03A9D8EC3EFD3F813548133</MD5Vinci4>
				<ImagePosPat>0 0 384</ImagePosPat>
				<InstanceNumber>0</InstanceNumber>
				<ScalarPos>384</ScalarPos>
			</File>
			<File>
				<Filename>257.dcm</Filename>
				<RescaleIcSl>0 1</RescaleIcSl>
				<MD5Vinci4>5DE6C7F1189DF2DE2CA92751F6652145</MD5Vinci4>
				<ImagePosPat>0 0 385.5</ImagePosPat>
				<InstanceNumber>0</InstanceNumber>
				<ScalarPos>385.5</ScalarPos>
			</File>
			<File>
				<Filename>258.dcm</Filename>
				<RescaleIcSl>0 1</RescaleIcSl>
				<MD5Vinci4>A37CE0CA89E96264987D04EC33B6E77D</MD5Vinci4>
				<ImagePosPat>0 0 387</ImagePosPat>
				<InstanceNumber>0</InstanceNumber>
				<ScalarPos>387</ScalarPos>
			</File>
			<File>
				<Filename>259.dcm</Filename>
				<RescaleIcSl>0 1</RescaleIcSl>
				<MD5Vinci4>69C753029A62EF81CAF1651811B0A5EA</MD5Vinci4>
				<ImagePosPat>0 0 388.5</ImagePosPat>
				<InstanceNumber>0</InstanceNumber>
				<ScalarPos>388.5</ScalarPos>
			</File>
			<File>
				<Filename>260.dcm</Filename>
				<RescaleIcSl>0 1</RescaleIcSl>
				<MD5Vinci4>181B77F4EDDB7A2155590F74B9D53C7D</MD5Vinci4>
				<ImagePosPat>0 0 390</ImagePosPat>
				<InstanceNumber>0</InstanceNumber>
				<ScalarPos>390</ScalarPos>
			</File>
			<File>
				<Filename>261.dcm</Filename>
				<RescaleIcSl>0 1</RescaleIcSl>
				<MD5Vinci4>C039F679476D45862F8A7F832C39F49C</MD5Vinci4>
				<ImagePosPat>0 0 391.5</ImagePosPat>
				<InstanceNumber>0</InstanceNumber>
				<ScalarPos>391.5</ScalarPos>
			</File>
			<File>
				<Filename>262.dcm</Filename>
				<RescaleIcSl>0 1</RescaleIcSl>
				<MD5Vinci4>4ED8983DC15A9EC66CD157C70519E566</MD5Vinci4>
				<ImagePosPat>0 0 393</ImagePosPat>
				<InstanceNumber>0</InstanceNumber>
				<ScalarPos>393</ScalarPos>
			</File>
			<File>
				<Filename>263.dcm</Filename>
				<RescaleIcSl>0 1</RescaleIcSl>
				<MD5Vinci4>A2225368BBE0AE57B7953210C5EC9EB3</MD5Vinci4>
				<ImagePosPat>0 0 394.5</ImagePosPat>
				<InstanceNumber>0</InstanceNumber>
				<ScalarPos>394.5</ScalarPos>
			</File>
			<File>
				<Filename>264.dcm</Filename>
				<RescaleIcSl>0 1</RescaleIcSl>
				<MD5Vinci4>5348C0DAC63453F1AFECF5FDE01934D4</MD5Vinci4>
				<ImagePosPat>0 0 396</ImagePosPat>
				<InstanceNumber>0</InstanceNumber>
				<ScalarPos>396</ScalarPos>
			</File>
			<File>
				<Filename>265.dcm</Filename>
				<RescaleIcSl>0 1</RescaleIcSl>
				<MD5Vinci4>8ABF52B05CC423834410CEDBDB4B70B1</MD5Vinci4>
				<ImagePosPat>0 0 397.5</ImagePosPat>
				<InstanceNumber>0</InstanceNumber>
				<ScalarPos>397.5</ScalarPos>
			</File>
			<File>
				<Filename>266.dcm</Filename>
				<RescaleIcSl>0 1</RescaleIcSl>
				<MD5Vinci4>52DF8EED0156E5E33B29E0DA1F910D67</MD5Vinci4>
				<ImagePosPat>0 0 399</ImagePosPat>
				<InstanceNumber>0</InstanceNumber>
				<ScalarPos>399</ScalarPos>
			</File>
			<File>
				<Filename>267.dcm</Filename>
				<RescaleIcSl>0 1</RescaleIcSl>
				<MD5Vinci4>2DF3E6E393B00F84271CF7D63C25656F</MD5Vinci4>
				<ImagePosPat>0 0 400.5</ImagePosPat>
				<InstanceNumber>0</InstanceNumber>
				<ScalarPos>400.5</ScalarPos>
			</File>
			<File>
				<Filename>268.dcm</Filename>
				<RescaleIcSl>0 1</RescaleIcSl>
				<MD5Vinci4>E8ED954C67FCA5775439D52FB8606DE7</MD5Vinci4>
				<ImagePosPat>0 0 402</ImagePosPat>
				<InstanceNumber>0</InstanceNumber>
				<ScalarPos>402</ScalarPos>
			</File>
			<File>
				<Filename>269.dcm</Filename>
				<RescaleIcSl>0 1</RescaleIcSl>
				<MD5Vinci4>C7C19477C674B1EA43D709C257E14523</MD5Vinci4>
				<ImagePosPat>0 0 403.5</ImagePosPat>
				<InstanceNumber>0</InstanceNumber>
				<ScalarPos>403.5</ScalarPos>
			</File>
			<File>
				<Filename>270.dcm</Filename>
				<RescaleIcSl>0 1</RescaleIcSl>
				<MD5Vinci4>513B12757B364D0E1E45E1B94FC09A0F</MD5Vinci4>
				<ImagePosPat>0 0 405</ImagePosPat>
				<InstanceNumber>0</InstanceNumber>
				<ScalarPos>405</ScalarPos>
			</File>
			<File>
				<Filename>271.dcm</Filename>
				<RescaleIcSl>0 1</RescaleIcSl>
				<MD5Vinci4>F4D349A3AFC014325490A106BDD327F9</MD5Vinci4>
				<ImagePosPat>0 0 406.5</ImagePosPat>
				<InstanceNumber>0</InstanceNumber>
				<ScalarPos>406.5</ScalarPos>
			</File>
			<File>
				<Filename>272.dcm</Filename>
				<RescaleIcSl>0 1</RescaleIcSl>
				<MD5Vinci4>8E3A2977630BD5CA974703F2DA706464</MD5Vinci4>
				<ImagePosPat>0 0 408</ImagePosPat>
				<InstanceNumber>0</InstanceNumber>
				<ScalarPos>408</ScalarPos>
			</File>
			<File>
				<Filename>273.dcm</Filename>
				<RescaleIcSl>0 1</RescaleIcSl>
				<MD5Vinci4>BF4FD46223E7ED2CB14A5750C1599F1B</MD5Vinci4>
				<ImagePosPat>0 0 409.5</ImagePosPat>
				<InstanceNumber>0</InstanceNumber>
				<ScalarPos>409.5</ScalarPos>
			</File>
			<File>
				<Filename>274.dcm</Filename>
				<RescaleIcSl>0 1</RescaleIcSl>
				<MD5Vinci4>DC9AA52C97468118C3C3FE59CE78F1BB</MD5Vinci4>
				<ImagePosPat>0 0 411</ImagePosPat>
				<InstanceNumber>0</InstanceNumber>
				<ScalarPos>411</ScalarPos>
			</File>
			<File>
				<Filename>275.dcm</Filename>
				<RescaleIcSl>0 1</RescaleIcSl>
				<MD5Vinci4>DEF68D9C0748959A427FCE17A647EBCF</MD5Vinci4>
				<ImagePosPat>0 0 412.5</ImagePosPat>
				<InstanceNumber>0</InstanceNumber>
				<ScalarPos>412.5</ScalarPos>
			</File>
			<File>
				<Filename>276.dcm</Filename>
				<RescaleIcSl>0 1</RescaleIcSl>
				<MD5Vinci4>3195D111EB85B00207C66E1EC2EF0625</MD5Vinci4>
				<ImagePosPat>0 0 414</ImagePosPat>
				<InstanceNumber>0</InstanceNumber>
				<ScalarPos>414</ScalarPos>
			</File>
			<File>
				<Filename>277.dcm</Filename>
				<RescaleIcSl>0 1</RescaleIcSl>
				<MD5Vinci4>9671BEC03F3D6BED7ADCE52A626A2888</MD5Vinci4>
				<ImagePosPat>0 0 415.5</ImagePosPat>
				<InstanceNumber>0</InstanceNumber>
				<ScalarPos>415.5</ScalarPos>
			</File>
			<File>
				<Filename>278.dcm</Filename>
				<RescaleIcSl>0 1</RescaleIcSl>
				<MD5Vinci4>7DA7C6D6D3192833A499C2545078D7D1</MD5Vinci4>
				<ImagePosPat>0 0 417</ImagePosPat>
				<InstanceNumber>0</InstanceNumber>
				<ScalarPos>417</ScalarPos>
			</File>
			<File>
				<Filename>279.dcm</Filename>
				<RescaleIcSl>0 1</RescaleIcSl>
				<MD5Vinci4>34409CBA08E94D1155609D4B32CC193B</MD5Vinci4>
				<ImagePosPat>0 0 418.5</ImagePosPat>
				<InstanceNumber>0</InstanceNumber>
				<ScalarPos>418.5</ScalarPos>
			</File>
			<File>
				<Filename>280.dcm</Filename>
				<RescaleIcSl>0 1</RescaleIcSl>
				<MD5Vinci4>F7CEA901B3F7437AF3A412EF93EBED8E</MD5Vinci4>
				<ImagePosPat>0 0 420</ImagePosPat>
				<InstanceNumber>0</InstanceNumber>
				<ScalarPos>420</ScalarPos>
			</File>
			<File>
				<Filename>281.dcm</Filename>
				<RescaleIcSl>0 1</RescaleIcSl>
				<MD5Vinci4>CB2CF30099C32939F2149A9228C4E109</MD5Vinci4>
				<ImagePosPat>0 0 421.5</ImagePosPat>
				<InstanceNumber>0</InstanceNumber>
				<ScalarPos>421.5</ScalarPos>
			</File>
			<File>
				<Filename>282.dcm</Filename>
				<RescaleIcSl>0 1</RescaleIcSl>
				<MD5Vinci4>2910A3A7E3B74AD176A0E30060CE587C</MD5Vinci4>
				<ImagePosPat>0 0 423</ImagePosPat>
				<InstanceNumber>0</InstanceNumber>
				<ScalarPos>423</ScalarPos>
			</File>
			<File>
				<Filename>283.dcm</Filename>
				<RescaleIcSl>0 1</RescaleIcSl>
				<MD5Vinci4>1BACC6BFD80442261BC4B2A36870C068</MD5Vinci4>
				<ImagePosPat>0 0 424.5</ImagePosPat>
				<InstanceNumber>0</InstanceNumber>
				<ScalarPos>424.5</ScalarPos>
			</File>
			<File>
				<Filename>284.dcm</Filename>
				<RescaleIcSl>0 1</RescaleIcSl>
				<MD5Vinci4>8179DDB75A8175E0DAD30D6054863DED</MD5Vinci4>
				<ImagePosPat>0 0 426</ImagePosPat>
				<InstanceNumber>0</InstanceNumber>
				<ScalarPos>426</ScalarPos>
			</File>
			<File>
				<Filename>285.dcm</Filename>
				<RescaleIcSl>0 1</RescaleIcSl>
				<MD5Vinci4>E6BAB436834971181CD0678D9DFEA04B</MD5Vinci4>
				<ImagePosPat>0 0 427.5</ImagePosPat>
				<InstanceNumber>0</InstanceNumber>
				<ScalarPos>427.5</ScalarPos>
			</File>
			<File>
				<Filename>286.dcm</Filename>
				<RescaleIcSl>0 1</RescaleIcSl>
				<MD5Vinci4>FAC84747D6E46461562254403A6F6628</MD5Vinci4>
				<ImagePosPat>0 0 429</ImagePosPat>
				<InstanceNumber>0</InstanceNumber>
				<ScalarPos>429</ScalarPos>
			</File>
			<File>
				<Filename>287.dcm</Filename>
				<RescaleIcSl>0 1</RescaleIcSl>
				<MD5Vinci4>764F36F79CE7EF16F394488F4A88C82B</MD5Vinci4>
				<ImagePosPat>0 0 430.5</ImagePosPat>
				<InstanceNumber>0</InstanceNumber>
				<ScalarPos>430.5</ScalarPos>
			</File>
			<File>
				<Filename>288.dcm</Filename>
				<RescaleIcSl>0 1</RescaleIcSl>
				<MD5Vinci4>1BD2366821D4FA292268321B8E51143E</MD5Vinci4>
				<ImagePosPat>0 0 432</ImagePosPat>
				<InstanceNumber>0</InstanceNumber>
				<ScalarPos>432</ScalarPos>
			</File>
			<File>
				<Filename>289.dcm</Filename>
				<RescaleIcSl>0 1</RescaleIcSl>
				<MD5Vinci4>9AEC276B79162307C0A3BF47987EC8C7</MD5Vinci4>
				<ImagePosPat>0 0 433.5</ImagePosPat>
				<InstanceNumber>0</InstanceNumber>
				<ScalarPos>433.5</ScalarPos>
			</File>
			<File>
				<Filename>290.dcm</Filename>
				<RescaleIcSl>0 1</RescaleIcSl>
				<MD5Vinci4>084B92C9890C4398EA37D5FBACAA607A</MD5Vinci4>
				<ImagePosPat>0 0 435</ImagePosPat>
				<InstanceNumber>0</InstanceNumber>
				<ScalarPos>435</ScalarPos>
			</File>
			<File>
				<Filename>291.dcm</Filename>
				<RescaleIcSl>0 1</RescaleIcSl>
				<MD5Vinci4>92F8444FA80DFFA5A961D4819AE16686</MD5Vinci4>
				<ImagePosPat>0 0 436.5</ImagePosPat>
				<InstanceNumber>0</InstanceNumber>
				<ScalarPos>436.5</ScalarPos>
			</File>
			<File>
				<Filename>292.dcm</Filename>
				<RescaleIcSl>0 1</RescaleIcSl>
				<MD5Vinci4>80E423EFBDB3D0E6EE94101EBCC80366</MD5Vinci4>
				<ImagePosPat>0 0 438</ImagePosPat>
				<InstanceNumber>0</InstanceNumber>
				<ScalarPos>438</ScalarPos>
			</File>
			<File>
				<Filename>293.dcm</Filename>
				<RescaleIcSl>0 1</RescaleIcSl>
				<MD5Vinci4>1590202957B571F304511B12C9298DDD</MD5Vinci4>
				<ImagePosPat>0 0 439.5</ImagePosPat>
				<InstanceNumber>0</InstanceNumber>
				<ScalarPos>439.5</ScalarPos>
			</File>
			<File>
				<Filename>294.dcm</Filename>
				<RescaleIcSl>0 1</RescaleIcSl>
				<MD5Vinci4>5E322EE9244360368D84514947136087</MD5Vinci4>
				<ImagePosPat>0 0 441</ImagePosPat>
				<InstanceNumber>0</InstanceNumber>
				<ScalarPos>441</ScalarPos>
			</File>
			<File>
				<Filename>295.dcm</Filename>
				<RescaleIcSl>0 1</RescaleIcSl>
				<MD5Vinci4>872C6532FE8D237BD5F8E963C1D674B5</MD5Vinci4>
				<ImagePosPat>0 0 442.5</ImagePosPat>
				<InstanceNumber>0</InstanceNumber>
				<ScalarPos>442.5</ScalarPos>
			</File>
			<File>
				<Filename>296.dcm</Filename>
				<RescaleIcSl>0 1</RescaleIcSl>
				<MD5Vinci4>03EDA1289CD98566C9DB34D7ED4A94A9</MD5Vinci4>
				<ImagePosPat>0 0 444</ImagePosPat>
				<InstanceNumber>0</InstanceNumber>
				<ScalarPos>444</ScalarPos>
			</File>
			<File>
				<Filename>297.dcm</Filename>
				<RescaleIcSl>0 1</RescaleIcSl>
				<MD5Vinci4>BFB7A53C4E336002B989F8420DD9D28B</MD5Vinci4>
				<ImagePosPat>0 0 445.5</ImagePosPat>
				<InstanceNumber>0</InstanceNumber>
				<ScalarPos>445.5</ScalarPos>
			</File>
			<File>
				<Filename>298.dcm</Filename>
				<RescaleIcSl>0 1</RescaleIcSl>
				<MD5Vinci4>F8ACE18D646023C2261D4B7DB7E26624</MD5Vinci4>
				<ImagePosPat>0 0 447</ImagePosPat>
				<InstanceNumber>0</InstanceNumber>
				<ScalarPos>447</ScalarPos>
			</File>
			<File>
				<Filename>299.dcm</Filename>
				<RescaleIcSl>0 1</RescaleIcSl>
				<MD5Vinci4>808203067A419B86EBE32CF0B02A0603</MD5Vinci4>
				<ImagePosPat>0 0 448.5</ImagePosPat>
				<InstanceNumber>0</InstanceNumber>
				<ScalarPos>448.5</ScalarPos>
			</File>
			<File>
				<Filename>300.dcm</Filename>
				<RescaleIcSl>0 1</RescaleIcSl>
				<MD5Vinci4>75B9BF5AB9B94691879452D9CCB123F1</MD5Vinci4>
				<ImagePosPat>0 0 450</ImagePosPat>
				<InstanceNumber>0</InstanceNumber>
				<ScalarPos>450</ScalarPos>
			</File>
		</Frame>
		</DataSet>
	</VinciDICOMDir34>
</VinciXMLXchange>
