<?xml version="1.0" standalone="yes" ?>
<!-- This file has been created by VINCI to allow 
     for more efficient processing of DICOM data 
     in the directory where it is located.
-->
<VinciXMLXchange>
	<Version>Vinci 5.06.0.19750, November 9 2020</Version>
	<NumVersion>5.06.0.19750</NumVersion>
	<TimeStamp>2021-06-09 09:37:17</TimeStamp>
	<LoadDICOMImageVersion>2.00</LoadDICOMImageVersion>
	<DICOMDataSets>1</DICOMDataSets>
	<DICOMFilesFound>301</DICOMFilesFound>
	<VinciDICOMDir34>
		<DataSet>
			<Modality>PT</Modality>
			<PatientName>SNM1</PatientName>
			<PatientId>SNM1</PatientId>
			<StudyDateTimeIso>2021-01-02 09:52:36.710706</StudyDateTimeIso>
			<PatientDOBIso></PatientDOBIso>
			<Protocol></Protocol>
			<Description>SNM1_R1</Description>
			<SeriesInstanceUID>1.2.826.0.1.3680043.2.1125.20210102.1095236</SeriesInstanceUID>
			<Dimensions_xyz>128 128 301</Dimensions_xyz>
			<Dimension_t>1</Dimension_t>
			<PixelSizes_xyz>3 3 1.5</PixelSizes_xyz>
			<ImageOrientationPatient>1\0\0\0\1\0</ImageOrientationPatient>
			<OrientationRowsColumns>L P</OrientationRowsColumns>
		<Frame>
			<File>
				<Filename>0.dcm</Filename>
				<RescaleIcSl>0 1</RescaleIcSl>
				<MD5Vinci4>454BFFC649F794E8A2CBB632A46869BA</MD5Vinci4>
				<ImagePosPat>0 0 0</ImagePosPat>
				<InstanceNumber>0</InstanceNumber>
				<ScalarPos>0</ScalarPos>
			</File>
			<File>
				<Filename>1.dcm</Filename>
				<RescaleIcSl>0 1</RescaleIcSl>
				<MD5Vinci4>5758D22517260A6D514CC93A4160CC51</MD5Vinci4>
				<ImagePosPat>0 0 1.5</ImagePosPat>
				<InstanceNumber>0</InstanceNumber>
				<ScalarPos>1.5</ScalarPos>
			</File>
			<File>
				<Filename>2.dcm</Filename>
				<RescaleIcSl>0 1</RescaleIcSl>
				<MD5Vinci4>0BE982153EC9B005B39BE351552E7E39</MD5Vinci4>
				<ImagePosPat>0 0 3</ImagePosPat>
				<InstanceNumber>0</InstanceNumber>
				<ScalarPos>3</ScalarPos>
			</File>
			<File>
				<Filename>3.dcm</Filename>
				<RescaleIcSl>0 1</RescaleIcSl>
				<MD5Vinci4>936430FC08CFEE360FE511242A1DA883</MD5Vinci4>
				<ImagePosPat>0 0 4.5</ImagePosPat>
				<InstanceNumber>0</InstanceNumber>
				<ScalarPos>4.5</ScalarPos>
			</File>
			<File>
				<Filename>4.dcm</Filename>
				<RescaleIcSl>0 1</RescaleIcSl>
				<MD5Vinci4>15266026D23F7A3DE792083493C32932</MD5Vinci4>
				<ImagePosPat>0 0 6</ImagePosPat>
				<InstanceNumber>0</InstanceNumber>
				<ScalarPos>6</ScalarPos>
			</File>
			<File>
				<Filename>5.dcm</Filename>
				<RescaleIcSl>0 1</RescaleIcSl>
				<MD5Vinci4>3CB27EACB54F3563716C9E401CB03841</MD5Vinci4>
				<ImagePosPat>0 0 7.5</ImagePosPat>
				<InstanceNumber>0</InstanceNumber>
				<ScalarPos>7.5</ScalarPos>
			</File>
			<File>
				<Filename>6.dcm</Filename>
				<RescaleIcSl>0 1</RescaleIcSl>
				<MD5Vinci4>64180221A80480BD4DC7FFE0B08E1527</MD5Vinci4>
				<ImagePosPat>0 0 9</ImagePosPat>
				<InstanceNumber>0</InstanceNumber>
				<ScalarPos>9</ScalarPos>
			</File>
			<File>
				<Filename>7.dcm</Filename>
				<RescaleIcSl>0 1</RescaleIcSl>
				<MD5Vinci4>DD9624076F704BA7783E092FE520106D</MD5Vinci4>
				<ImagePosPat>0 0 10.5</ImagePosPat>
				<InstanceNumber>0</InstanceNumber>
				<ScalarPos>10.5</ScalarPos>
			</File>
			<File>
				<Filename>8.dcm</Filename>
				<RescaleIcSl>0 1</RescaleIcSl>
				<MD5Vinci4>232F16643C6B65A5631600FEDAEE9B02</MD5Vinci4>
				<ImagePosPat>0 0 12</ImagePosPat>
				<InstanceNumber>0</InstanceNumber>
				<ScalarPos>12</ScalarPos>
			</File>
			<File>
				<Filename>9.dcm</Filename>
				<RescaleIcSl>0 1</RescaleIcSl>
				<MD5Vinci4>DE6095D4D08F37D52D0A6DF69418250D</MD5Vinci4>
				<ImagePosPat>0 0 13.5</ImagePosPat>
				<InstanceNumber>0</InstanceNumber>
				<ScalarPos>13.5</ScalarPos>
			</File>
			<File>
				<Filename>10.dcm</Filename>
				<RescaleIcSl>0 1</RescaleIcSl>
				<MD5Vinci4>723731BB95242049A715EBC4764F258F</MD5Vinci4>
				<ImagePosPat>0 0 15</ImagePosPat>
				<InstanceNumber>0</InstanceNumber>
				<ScalarPos>15</ScalarPos>
			</File>
			<File>
				<Filename>11.dcm</Filename>
				<RescaleIcSl>0 1</RescaleIcSl>
				<MD5Vinci4>EC57B28C34994715688EB93F40ABED46</MD5Vinci4>
				<ImagePosPat>0 0 16.5</ImagePosPat>
				<InstanceNumber>0</InstanceNumber>
				<ScalarPos>16.5</ScalarPos>
			</File>
			<File>
				<Filename>12.dcm</Filename>
				<RescaleIcSl>0 1</RescaleIcSl>
				<MD5Vinci4>C06C7A42388BEF38C2660DB15C3A9E39</MD5Vinci4>
				<ImagePosPat>0 0 18</ImagePosPat>
				<InstanceNumber>0</InstanceNumber>
				<ScalarPos>18</ScalarPos>
			</File>
			<File>
				<Filename>13.dcm</Filename>
				<RescaleIcSl>0 1</RescaleIcSl>
				<MD5Vinci4>16F8A5F7B1207EED36DDE82A90951DF3</MD5Vinci4>
				<ImagePosPat>0 0 19.5</ImagePosPat>
				<InstanceNumber>0</InstanceNumber>
				<ScalarPos>19.5</ScalarPos>
			</File>
			<File>
				<Filename>14.dcm</Filename>
				<RescaleIcSl>0 1</RescaleIcSl>
				<MD5Vinci4>D2B0623EFDDB313FEE66AEB0271D085A</MD5Vinci4>
				<ImagePosPat>0 0 21</ImagePosPat>
				<InstanceNumber>0</InstanceNumber>
				<ScalarPos>21</ScalarPos>
			</File>
			<File>
				<Filename>15.dcm</Filename>
				<RescaleIcSl>0 1</RescaleIcSl>
				<MD5Vinci4>F7CF0F77486BB65BA1F0331E44FFDD39</MD5Vinci4>
				<ImagePosPat>0 0 22.5</ImagePosPat>
				<InstanceNumber>0</InstanceNumber>
				<ScalarPos>22.5</ScalarPos>
			</File>
			<File>
				<Filename>16.dcm</Filename>
				<RescaleIcSl>0 1</RescaleIcSl>
				<MD5Vinci4>EDDE31CFD7161DD9A708A9D4F954A9BF</MD5Vinci4>
				<ImagePosPat>0 0 24</ImagePosPat>
				<InstanceNumber>0</InstanceNumber>
				<ScalarPos>24</ScalarPos>
			</File>
			<File>
				<Filename>17.dcm</Filename>
				<RescaleIcSl>0 1</RescaleIcSl>
				<MD5Vinci4>61DF009C11657517B9949EFF62495B3E</MD5Vinci4>
				<ImagePosPat>0 0 25.5</ImagePosPat>
				<InstanceNumber>0</InstanceNumber>
				<ScalarPos>25.5</ScalarPos>
			</File>
			<File>
				<Filename>18.dcm</Filename>
				<RescaleIcSl>0 1</RescaleIcSl>
				<MD5Vinci4>5C5AF8C7CB47605A9442A5C4755903D4</MD5Vinci4>
				<ImagePosPat>0 0 27</ImagePosPat>
				<InstanceNumber>0</InstanceNumber>
				<ScalarPos>27</ScalarPos>
			</File>
			<File>
				<Filename>19.dcm</Filename>
				<RescaleIcSl>0 1</RescaleIcSl>
				<MD5Vinci4>D6EF1345657C4C918FA33EBD290FB850</MD5Vinci4>
				<ImagePosPat>0 0 28.5</ImagePosPat>
				<InstanceNumber>0</InstanceNumber>
				<ScalarPos>28.5</ScalarPos>
			</File>
			<File>
				<Filename>20.dcm</Filename>
				<RescaleIcSl>0 1</RescaleIcSl>
				<MD5Vinci4>6DAF3E2C22D2F2BCA43298FB74F9C1D4</MD5Vinci4>
				<ImagePosPat>0 0 30</ImagePosPat>
				<InstanceNumber>0</InstanceNumber>
				<ScalarPos>30</ScalarPos>
			</File>
			<File>
				<Filename>21.dcm</Filename>
				<RescaleIcSl>0 1</RescaleIcSl>
				<MD5Vinci4>54E17307923D47DA548FF6FD07D7BA47</MD5Vinci4>
				<ImagePosPat>0 0 31.5</ImagePosPat>
				<InstanceNumber>0</InstanceNumber>
				<ScalarPos>31.5</ScalarPos>
			</File>
			<File>
				<Filename>22.dcm</Filename>
				<RescaleIcSl>0 1</RescaleIcSl>
				<MD5Vinci4>A5A7BC2DBA5B729C593AC10FB8A9C5CB</MD5Vinci4>
				<ImagePosPat>0 0 33</ImagePosPat>
				<InstanceNumber>0</InstanceNumber>
				<ScalarPos>33</ScalarPos>
			</File>
			<File>
				<Filename>23.dcm</Filename>
				<RescaleIcSl>0 1</RescaleIcSl>
				<MD5Vinci4>B1D4311D85616BCF8CAF595B6DA3A60C</MD5Vinci4>
				<ImagePosPat>0 0 34.5</ImagePosPat>
				<InstanceNumber>0</InstanceNumber>
				<ScalarPos>34.5</ScalarPos>
			</File>
			<File>
				<Filename>24.dcm</Filename>
				<RescaleIcSl>0 1</RescaleIcSl>
				<MD5Vinci4>89F01331DDA6C6BA2123FC4CD4676E0F</MD5Vinci4>
				<ImagePosPat>0 0 36</ImagePosPat>
				<InstanceNumber>0</InstanceNumber>
				<ScalarPos>36</ScalarPos>
			</File>
			<File>
				<Filename>25.dcm</Filename>
				<RescaleIcSl>0 1</RescaleIcSl>
				<MD5Vinci4>1A51BED48C8EFBAABED2F17EF600D2F3</MD5Vinci4>
				<ImagePosPat>0 0 37.5</ImagePosPat>
				<InstanceNumber>0</InstanceNumber>
				<ScalarPos>37.5</ScalarPos>
			</File>
			<File>
				<Filename>26.dcm</Filename>
				<RescaleIcSl>0 1</RescaleIcSl>
				<MD5Vinci4>9FBF6F8F0E2DD348032435E2DF46778E</MD5Vinci4>
				<ImagePosPat>0 0 39</ImagePosPat>
				<InstanceNumber>0</InstanceNumber>
				<ScalarPos>39</ScalarPos>
			</File>
			<File>
				<Filename>27.dcm</Filename>
				<RescaleIcSl>0 1</RescaleIcSl>
				<MD5Vinci4>DE27C0518B3572BE39B48FEBBC344153</MD5Vinci4>
				<ImagePosPat>0 0 40.5</ImagePosPat>
				<InstanceNumber>0</InstanceNumber>
				<ScalarPos>40.5</ScalarPos>
			</File>
			<File>
				<Filename>28.dcm</Filename>
				<RescaleIcSl>0 1</RescaleIcSl>
				<MD5Vinci4>DE15110B784A45CC5D4A8F598FD797DB</MD5Vinci4>
				<ImagePosPat>0 0 42</ImagePosPat>
				<InstanceNumber>0</InstanceNumber>
				<ScalarPos>42</ScalarPos>
			</File>
			<File>
				<Filename>29.dcm</Filename>
				<RescaleIcSl>0 1</RescaleIcSl>
				<MD5Vinci4>B92115712DD108E6002B72C0A4862DA1</MD5Vinci4>
				<ImagePosPat>0 0 43.5</ImagePosPat>
				<InstanceNumber>0</InstanceNumber>
				<ScalarPos>43.5</ScalarPos>
			</File>
			<File>
				<Filename>30.dcm</Filename>
				<RescaleIcSl>0 1</RescaleIcSl>
				<MD5Vinci4>934F48AF4CAFD4FB1896C9494C3B5F60</MD5Vinci4>
				<ImagePosPat>0 0 45</ImagePosPat>
				<InstanceNumber>0</InstanceNumber>
				<ScalarPos>45</ScalarPos>
			</File>
			<File>
				<Filename>31.dcm</Filename>
				<RescaleIcSl>0 1</RescaleIcSl>
				<MD5Vinci4>562EDD71CC60179E059E27B2198186A0</MD5Vinci4>
				<ImagePosPat>0 0 46.5</ImagePosPat>
				<InstanceNumber>0</InstanceNumber>
				<ScalarPos>46.5</ScalarPos>
			</File>
			<File>
				<Filename>32.dcm</Filename>
				<RescaleIcSl>0 1</RescaleIcSl>
				<MD5Vinci4>AF7D0431A28C6E51C00B17D1A9802E98</MD5Vinci4>
				<ImagePosPat>0 0 48</ImagePosPat>
				<InstanceNumber>0</InstanceNumber>
				<ScalarPos>48</ScalarPos>
			</File>
			<File>
				<Filename>33.dcm</Filename>
				<RescaleIcSl>0 1</RescaleIcSl>
				<MD5Vinci4>94E295DABCC8436CAE575C55DC8B5EF2</MD5Vinci4>
				<ImagePosPat>0 0 49.5</ImagePosPat>
				<InstanceNumber>0</InstanceNumber>
				<ScalarPos>49.5</ScalarPos>
			</File>
			<File>
				<Filename>34.dcm</Filename>
				<RescaleIcSl>0 1</RescaleIcSl>
				<MD5Vinci4>19205823960EB3A1EE9620A0320460C4</MD5Vinci4>
				<ImagePosPat>0 0 51</ImagePosPat>
				<InstanceNumber>0</InstanceNumber>
				<ScalarPos>51</ScalarPos>
			</File>
			<File>
				<Filename>35.dcm</Filename>
				<RescaleIcSl>0 1</RescaleIcSl>
				<MD5Vinci4>8729939B802D6F368CF131D1D31F521C</MD5Vinci4>
				<ImagePosPat>0 0 52.5</ImagePosPat>
				<InstanceNumber>0</InstanceNumber>
				<ScalarPos>52.5</ScalarPos>
			</File>
			<File>
				<Filename>36.dcm</Filename>
				<RescaleIcSl>0 1</RescaleIcSl>
				<MD5Vinci4>6C097BE858669731FBA54371A9B3625C</MD5Vinci4>
				<ImagePosPat>0 0 54</ImagePosPat>
				<InstanceNumber>0</InstanceNumber>
				<ScalarPos>54</ScalarPos>
			</File>
			<File>
				<Filename>37.dcm</Filename>
				<RescaleIcSl>0 1</RescaleIcSl>
				<MD5Vinci4>4AC73B2262238CB0468696B315FBB3C6</MD5Vinci4>
				<ImagePosPat>0 0 55.5</ImagePosPat>
				<InstanceNumber>0</InstanceNumber>
				<ScalarPos>55.5</ScalarPos>
			</File>
			<File>
				<Filename>38.dcm</Filename>
				<RescaleIcSl>0 1</RescaleIcSl>
				<MD5Vinci4>734268D2AE83125166D45579C325C295</MD5Vinci4>
				<ImagePosPat>0 0 57</ImagePosPat>
				<InstanceNumber>0</InstanceNumber>
				<ScalarPos>57</ScalarPos>
			</File>
			<File>
				<Filename>39.dcm</Filename>
				<RescaleIcSl>0 1</RescaleIcSl>
				<MD5Vinci4>F26DD082531D290E2C13658556D236C1</MD5Vinci4>
				<ImagePosPat>0 0 58.5</ImagePosPat>
				<InstanceNumber>0</InstanceNumber>
				<ScalarPos>58.5</ScalarPos>
			</File>
			<File>
				<Filename>40.dcm</Filename>
				<RescaleIcSl>0 1</RescaleIcSl>
				<MD5Vinci4>6033C211CCAED5B9EF6BA30FF85E401F</MD5Vinci4>
				<ImagePosPat>0 0 60</ImagePosPat>
				<InstanceNumber>0</InstanceNumber>
				<ScalarPos>60</ScalarPos>
			</File>
			<File>
				<Filename>41.dcm</Filename>
				<RescaleIcSl>0 1</RescaleIcSl>
				<MD5Vinci4>3F0A124802630A3B183816532D34D3AA</MD5Vinci4>
				<ImagePosPat>0 0 61.5</ImagePosPat>
				<InstanceNumber>0</InstanceNumber>
				<ScalarPos>61.5</ScalarPos>
			</File>
			<File>
				<Filename>42.dcm</Filename>
				<RescaleIcSl>0 1</RescaleIcSl>
				<MD5Vinci4>0C7627F0651CB1BC9430567C05EBFC8A</MD5Vinci4>
				<ImagePosPat>0 0 63</ImagePosPat>
				<InstanceNumber>0</InstanceNumber>
				<ScalarPos>63</ScalarPos>
			</File>
			<File>
				<Filename>43.dcm</Filename>
				<RescaleIcSl>0 1</RescaleIcSl>
				<MD5Vinci4>0400F3E3891CE7EC5774E95301B3FC48</MD5Vinci4>
				<ImagePosPat>0 0 64.5</ImagePosPat>
				<InstanceNumber>0</InstanceNumber>
				<ScalarPos>64.5</ScalarPos>
			</File>
			<File>
				<Filename>44.dcm</Filename>
				<RescaleIcSl>0 1</RescaleIcSl>
				<MD5Vinci4>D1A18D30E2B0C18129835FE49F505730</MD5Vinci4>
				<ImagePosPat>0 0 66</ImagePosPat>
				<InstanceNumber>0</InstanceNumber>
				<ScalarPos>66</ScalarPos>
			</File>
			<File>
				<Filename>45.dcm</Filename>
				<RescaleIcSl>0 1</RescaleIcSl>
				<MD5Vinci4>5B4827F56D807024C152130456C00303</MD5Vinci4>
				<ImagePosPat>0 0 67.5</ImagePosPat>
				<InstanceNumber>0</InstanceNumber>
				<ScalarPos>67.5</ScalarPos>
			</File>
			<File>
				<Filename>46.dcm</Filename>
				<RescaleIcSl>0 1</RescaleIcSl>
				<MD5Vinci4>55C2D5B7A256BA971409C9BDB0A39C7B</MD5Vinci4>
				<ImagePosPat>0 0 69</ImagePosPat>
				<InstanceNumber>0</InstanceNumber>
				<ScalarPos>69</ScalarPos>
			</File>
			<File>
				<Filename>47.dcm</Filename>
				<RescaleIcSl>0 1</RescaleIcSl>
				<MD5Vinci4>44F4CAD809BB553AD6B7B983356F7CF5</MD5Vinci4>
				<ImagePosPat>0 0 70.5</ImagePosPat>
				<InstanceNumber>0</InstanceNumber>
				<ScalarPos>70.5</ScalarPos>
			</File>
			<File>
				<Filename>48.dcm</Filename>
				<RescaleIcSl>0 1</RescaleIcSl>
				<MD5Vinci4>83CB6C677F24E711030C9DD499E328D9</MD5Vinci4>
				<ImagePosPat>0 0 72</ImagePosPat>
				<InstanceNumber>0</InstanceNumber>
				<ScalarPos>72</ScalarPos>
			</File>
			<File>
				<Filename>49.dcm</Filename>
				<RescaleIcSl>0 1</RescaleIcSl>
				<MD5Vinci4>7F6C96B8FBF20B7C18F05823D8D23CC1</MD5Vinci4>
				<ImagePosPat>0 0 73.5</ImagePosPat>
				<InstanceNumber>0</InstanceNumber>
				<ScalarPos>73.5</ScalarPos>
			</File>
			<File>
				<Filename>50.dcm</Filename>
				<RescaleIcSl>0 1</RescaleIcSl>
				<MD5Vinci4>8268F35564E2009699858A0E33D347B5</MD5Vinci4>
				<ImagePosPat>0 0 75</ImagePosPat>
				<InstanceNumber>0</InstanceNumber>
				<ScalarPos>75</ScalarPos>
			</File>
			<File>
				<Filename>51.dcm</Filename>
				<RescaleIcSl>0 1</RescaleIcSl>
				<MD5Vinci4>5BE901AAD2EC842B8B25B175F371572E</MD5Vinci4>
				<ImagePosPat>0 0 76.5</ImagePosPat>
				<InstanceNumber>0</InstanceNumber>
				<ScalarPos>76.5</ScalarPos>
			</File>
			<File>
				<Filename>52.dcm</Filename>
				<RescaleIcSl>0 1</RescaleIcSl>
				<MD5Vinci4>9541E31D04204BE04E80380B10BC73F2</MD5Vinci4>
				<ImagePosPat>0 0 78</ImagePosPat>
				<InstanceNumber>0</InstanceNumber>
				<ScalarPos>78</ScalarPos>
			</File>
			<File>
				<Filename>53.dcm</Filename>
				<RescaleIcSl>0 1</RescaleIcSl>
				<MD5Vinci4>918BB33347342B219AD91BB865544AC7</MD5Vinci4>
				<ImagePosPat>0 0 79.5</ImagePosPat>
				<InstanceNumber>0</InstanceNumber>
				<ScalarPos>79.5</ScalarPos>
			</File>
			<File>
				<Filename>54.dcm</Filename>
				<RescaleIcSl>0 1</RescaleIcSl>
				<MD5Vinci4>A7EE40AA3B05E79267D3B34EF414FAC1</MD5Vinci4>
				<ImagePosPat>0 0 81</ImagePosPat>
				<InstanceNumber>0</InstanceNumber>
				<ScalarPos>81</ScalarPos>
			</File>
			<File>
				<Filename>55.dcm</Filename>
				<RescaleIcSl>0 1</RescaleIcSl>
				<MD5Vinci4>04A2279772483D18CBD14793DCA1C7EA</MD5Vinci4>
				<ImagePosPat>0 0 82.5</ImagePosPat>
				<InstanceNumber>0</InstanceNumber>
				<ScalarPos>82.5</ScalarPos>
			</File>
			<File>
				<Filename>56.dcm</Filename>
				<RescaleIcSl>0 1</RescaleIcSl>
				<MD5Vinci4>4EB31BB8C9F6CF3AA220470FC7575372</MD5Vinci4>
				<ImagePosPat>0 0 84</ImagePosPat>
				<InstanceNumber>0</InstanceNumber>
				<ScalarPos>84</ScalarPos>
			</File>
			<File>
				<Filename>57.dcm</Filename>
				<RescaleIcSl>0 1</RescaleIcSl>
				<MD5Vinci4>18C2277EFB569276F1803EFA4AC0AC46</MD5Vinci4>
				<ImagePosPat>0 0 85.5</ImagePosPat>
				<InstanceNumber>0</InstanceNumber>
				<ScalarPos>85.5</ScalarPos>
			</File>
			<File>
				<Filename>58.dcm</Filename>
				<RescaleIcSl>0 1</RescaleIcSl>
				<MD5Vinci4>B908344E84CD081B57DF03F02EE8896E</MD5Vinci4>
				<ImagePosPat>0 0 87</ImagePosPat>
				<InstanceNumber>0</InstanceNumber>
				<ScalarPos>87</ScalarPos>
			</File>
			<File>
				<Filename>59.dcm</Filename>
				<RescaleIcSl>0 1</RescaleIcSl>
				<MD5Vinci4>0D180B1C8841D3B16AB35AD360FBAF69</MD5Vinci4>
				<ImagePosPat>0 0 88.5</ImagePosPat>
				<InstanceNumber>0</InstanceNumber>
				<ScalarPos>88.5</ScalarPos>
			</File>
			<File>
				<Filename>60.dcm</Filename>
				<RescaleIcSl>0 1</RescaleIcSl>
				<MD5Vinci4>06D3F82F7C3B6E1EEFC1D9B38F0598E9</MD5Vinci4>
				<ImagePosPat>0 0 90</ImagePosPat>
				<InstanceNumber>0</InstanceNumber>
				<ScalarPos>90</ScalarPos>
			</File>
			<File>
				<Filename>61.dcm</Filename>
				<RescaleIcSl>0 1</RescaleIcSl>
				<MD5Vinci4>31DDE5C9D96C2725D1938ECE20043505</MD5Vinci4>
				<ImagePosPat>0 0 91.5</ImagePosPat>
				<InstanceNumber>0</InstanceNumber>
				<ScalarPos>91.5</ScalarPos>
			</File>
			<File>
				<Filename>62.dcm</Filename>
				<RescaleIcSl>0 1</RescaleIcSl>
				<MD5Vinci4>D0A36B47C8E461F01686596ADD20666F</MD5Vinci4>
				<ImagePosPat>0 0 93</ImagePosPat>
				<InstanceNumber>0</InstanceNumber>
				<ScalarPos>93</ScalarPos>
			</File>
			<File>
				<Filename>63.dcm</Filename>
				<RescaleIcSl>0 1</RescaleIcSl>
				<MD5Vinci4>6F3CC55B683291111DAEFC835B36619E</MD5Vinci4>
				<ImagePosPat>0 0 94.5</ImagePosPat>
				<InstanceNumber>0</InstanceNumber>
				<ScalarPos>94.5</ScalarPos>
			</File>
			<File>
				<Filename>64.dcm</Filename>
				<RescaleIcSl>0 1</RescaleIcSl>
				<MD5Vinci4>FF930091A612A21951EBEE135EEACCFF</MD5Vinci4>
				<ImagePosPat>0 0 96</ImagePosPat>
				<InstanceNumber>0</InstanceNumber>
				<ScalarPos>96</ScalarPos>
			</File>
			<File>
				<Filename>65.dcm</Filename>
				<RescaleIcSl>0 1</RescaleIcSl>
				<MD5Vinci4>7CF4D5715ABBB555936862E144FA60C6</MD5Vinci4>
				<ImagePosPat>0 0 97.5</ImagePosPat>
				<InstanceNumber>0</InstanceNumber>
				<ScalarPos>97.5</ScalarPos>
			</File>
			<File>
				<Filename>66.dcm</Filename>
				<RescaleIcSl>0 1</RescaleIcSl>
				<MD5Vinci4>4601312F3923879CE2F1BA096F2E03D7</MD5Vinci4>
				<ImagePosPat>0 0 99</ImagePosPat>
				<InstanceNumber>0</InstanceNumber>
				<ScalarPos>99</ScalarPos>
			</File>
			<File>
				<Filename>67.dcm</Filename>
				<RescaleIcSl>0 1</RescaleIcSl>
				<MD5Vinci4>94375C33C0420F985F9ECC0C83858624</MD5Vinci4>
				<ImagePosPat>0 0 100.5</ImagePosPat>
				<InstanceNumber>0</InstanceNumber>
				<ScalarPos>100.5</ScalarPos>
			</File>
			<File>
				<Filename>68.dcm</Filename>
				<RescaleIcSl>0 1</RescaleIcSl>
				<MD5Vinci4>D41A04AF581BAE253850E70CA96C3AA5</MD5Vinci4>
				<ImagePosPat>0 0 102</ImagePosPat>
				<InstanceNumber>0</InstanceNumber>
				<ScalarPos>102</ScalarPos>
			</File>
			<File>
				<Filename>69.dcm</Filename>
				<RescaleIcSl>0 1</RescaleIcSl>
				<MD5Vinci4>3BFA9307810AFFE3E2CD593C54017EE7</MD5Vinci4>
				<ImagePosPat>0 0 103.5</ImagePosPat>
				<InstanceNumber>0</InstanceNumber>
				<ScalarPos>103.5</ScalarPos>
			</File>
			<File>
				<Filename>70.dcm</Filename>
				<RescaleIcSl>0 1</RescaleIcSl>
				<MD5Vinci4>EE475A7E8C25604A5A068AEFA7F4B086</MD5Vinci4>
				<ImagePosPat>0 0 105</ImagePosPat>
				<InstanceNumber>0</InstanceNumber>
				<ScalarPos>105</ScalarPos>
			</File>
			<File>
				<Filename>71.dcm</Filename>
				<RescaleIcSl>0 1</RescaleIcSl>
				<MD5Vinci4>2E0A06CE3E0BB072B6B2F9FB5723EA1F</MD5Vinci4>
				<ImagePosPat>0 0 106.5</ImagePosPat>
				<InstanceNumber>0</InstanceNumber>
				<ScalarPos>106.5</ScalarPos>
			</File>
			<File>
				<Filename>72.dcm</Filename>
				<RescaleIcSl>0 1</RescaleIcSl>
				<MD5Vinci4>D383149A089B993F50957E50E4CCEAE5</MD5Vinci4>
				<ImagePosPat>0 0 108</ImagePosPat>
				<InstanceNumber>0</InstanceNumber>
				<ScalarPos>108</ScalarPos>
			</File>
			<File>
				<Filename>73.dcm</Filename>
				<RescaleIcSl>0 1</RescaleIcSl>
				<MD5Vinci4>5F3C323435F883FAF2F639361F03E583</MD5Vinci4>
				<ImagePosPat>0 0 109.5</ImagePosPat>
				<InstanceNumber>0</InstanceNumber>
				<ScalarPos>109.5</ScalarPos>
			</File>
			<File>
				<Filename>74.dcm</Filename>
				<RescaleIcSl>0 1</RescaleIcSl>
				<MD5Vinci4>FCF5E70926F2F05DB601843872CC6D77</MD5Vinci4>
				<ImagePosPat>0 0 111</ImagePosPat>
				<InstanceNumber>0</InstanceNumber>
				<ScalarPos>111</ScalarPos>
			</File>
			<File>
				<Filename>75.dcm</Filename>
				<RescaleIcSl>0 1</RescaleIcSl>
				<MD5Vinci4>AAEA315684BA0E24CE8A7839E16BF166</MD5Vinci4>
				<ImagePosPat>0 0 112.5</ImagePosPat>
				<InstanceNumber>0</InstanceNumber>
				<ScalarPos>112.5</ScalarPos>
			</File>
			<File>
				<Filename>76.dcm</Filename>
				<RescaleIcSl>0 1</RescaleIcSl>
				<MD5Vinci4>4EC9A1B0FBBD5BF166A76C5F0115D8A4</MD5Vinci4>
				<ImagePosPat>0 0 114</ImagePosPat>
				<InstanceNumber>0</InstanceNumber>
				<ScalarPos>114</ScalarPos>
			</File>
			<File>
				<Filename>77.dcm</Filename>
				<RescaleIcSl>0 1</RescaleIcSl>
				<MD5Vinci4>1E0E8FAC579216C0D1679D8958C06087</MD5Vinci4>
				<ImagePosPat>0 0 115.5</ImagePosPat>
				<InstanceNumber>0</InstanceNumber>
				<ScalarPos>115.5</ScalarPos>
			</File>
			<File>
				<Filename>78.dcm</Filename>
				<RescaleIcSl>0 1</RescaleIcSl>
				<MD5Vinci4>F8EAC980B84F21C8B69EB0F0E0040E6C</MD5Vinci4>
				<ImagePosPat>0 0 117</ImagePosPat>
				<InstanceNumber>0</InstanceNumber>
				<ScalarPos>117</ScalarPos>
			</File>
			<File>
				<Filename>79.dcm</Filename>
				<RescaleIcSl>0 1</RescaleIcSl>
				<MD5Vinci4>55E11484FE24A93EE8319A750912EBC2</MD5Vinci4>
				<ImagePosPat>0 0 118.5</ImagePosPat>
				<InstanceNumber>0</InstanceNumber>
				<ScalarPos>118.5</ScalarPos>
			</File>
			<File>
				<Filename>80.dcm</Filename>
				<RescaleIcSl>0 1</RescaleIcSl>
				<MD5Vinci4>B3FD466F57B32F7D2BEDF7225C82F5A8</MD5Vinci4>
				<ImagePosPat>0 0 120</ImagePosPat>
				<InstanceNumber>0</InstanceNumber>
				<ScalarPos>120</ScalarPos>
			</File>
			<File>
				<Filename>81.dcm</Filename>
				<RescaleIcSl>0 1</RescaleIcSl>
				<MD5Vinci4>F9D565C4BC9B1A9C45EE6B10073B49AC</MD5Vinci4>
				<ImagePosPat>0 0 121.5</ImagePosPat>
				<InstanceNumber>0</InstanceNumber>
				<ScalarPos>121.5</ScalarPos>
			</File>
			<File>
				<Filename>82.dcm</Filename>
				<RescaleIcSl>0 1</RescaleIcSl>
				<MD5Vinci4>FCDAE326F66A074D3EF39C425CCE58C3</MD5Vinci4>
				<ImagePosPat>0 0 123</ImagePosPat>
				<InstanceNumber>0</InstanceNumber>
				<ScalarPos>123</ScalarPos>
			</File>
			<File>
				<Filename>83.dcm</Filename>
				<RescaleIcSl>0 1</RescaleIcSl>
				<MD5Vinci4>4D59B788F5F62ED6A5D80E29D96BE610</MD5Vinci4>
				<ImagePosPat>0 0 124.5</ImagePosPat>
				<InstanceNumber>0</InstanceNumber>
				<ScalarPos>124.5</ScalarPos>
			</File>
			<File>
				<Filename>84.dcm</Filename>
				<RescaleIcSl>0 1</RescaleIcSl>
				<MD5Vinci4>CD844FD81AA691C852A4CFC9736BF7A2</MD5Vinci4>
				<ImagePosPat>0 0 126</ImagePosPat>
				<InstanceNumber>0</InstanceNumber>
				<ScalarPos>126</ScalarPos>
			</File>
			<File>
				<Filename>85.dcm</Filename>
				<RescaleIcSl>0 1</RescaleIcSl>
				<MD5Vinci4>AD6D58F6F50FAFE941EDB275D3C1A3B5</MD5Vinci4>
				<ImagePosPat>0 0 127.5</ImagePosPat>
				<InstanceNumber>0</InstanceNumber>
				<ScalarPos>127.5</ScalarPos>
			</File>
			<File>
				<Filename>86.dcm</Filename>
				<RescaleIcSl>0 1</RescaleIcSl>
				<MD5Vinci4>66462CD12786317D671A1A5EDE730D7D</MD5Vinci4>
				<ImagePosPat>0 0 129</ImagePosPat>
				<InstanceNumber>0</InstanceNumber>
				<ScalarPos>129</ScalarPos>
			</File>
			<File>
				<Filename>87.dcm</Filename>
				<RescaleIcSl>0 1</RescaleIcSl>
				<MD5Vinci4>00ADC4B1E8C3C81625B491846423BF2A</MD5Vinci4>
				<ImagePosPat>0 0 130.5</ImagePosPat>
				<InstanceNumber>0</InstanceNumber>
				<ScalarPos>130.5</ScalarPos>
			</File>
			<File>
				<Filename>88.dcm</Filename>
				<RescaleIcSl>0 1</RescaleIcSl>
				<MD5Vinci4>DEB4FDF01B1C3A5BE70ABA814D6C9AB0</MD5Vinci4>
				<ImagePosPat>0 0 132</ImagePosPat>
				<InstanceNumber>0</InstanceNumber>
				<ScalarPos>132</ScalarPos>
			</File>
			<File>
				<Filename>89.dcm</Filename>
				<RescaleIcSl>0 1</RescaleIcSl>
				<MD5Vinci4>A302E9974ED6FC650A7DC741C646A6C1</MD5Vinci4>
				<ImagePosPat>0 0 133.5</ImagePosPat>
				<InstanceNumber>0</InstanceNumber>
				<ScalarPos>133.5</ScalarPos>
			</File>
			<File>
				<Filename>90.dcm</Filename>
				<RescaleIcSl>0 1</RescaleIcSl>
				<MD5Vinci4>016B2C910CA649435A7F3C3A28765197</MD5Vinci4>
				<ImagePosPat>0 0 135</ImagePosPat>
				<InstanceNumber>0</InstanceNumber>
				<ScalarPos>135</ScalarPos>
			</File>
			<File>
				<Filename>91.dcm</Filename>
				<RescaleIcSl>0 1</RescaleIcSl>
				<MD5Vinci4>29D7A466D35EE033FDC1B0CE2E1AB5B0</MD5Vinci4>
				<ImagePosPat>0 0 136.5</ImagePosPat>
				<InstanceNumber>0</InstanceNumber>
				<ScalarPos>136.5</ScalarPos>
			</File>
			<File>
				<Filename>92.dcm</Filename>
				<RescaleIcSl>0 1</RescaleIcSl>
				<MD5Vinci4>3E5A7543E746E67CFDEEFFDDA51DF6EE</MD5Vinci4>
				<ImagePosPat>0 0 138</ImagePosPat>
				<InstanceNumber>0</InstanceNumber>
				<ScalarPos>138</ScalarPos>
			</File>
			<File>
				<Filename>93.dcm</Filename>
				<RescaleIcSl>0 1</RescaleIcSl>
				<MD5Vinci4>E437CB8899C7FBDA42870634AE08211B</MD5Vinci4>
				<ImagePosPat>0 0 139.5</ImagePosPat>
				<InstanceNumber>0</InstanceNumber>
				<ScalarPos>139.5</ScalarPos>
			</File>
			<File>
				<Filename>94.dcm</Filename>
				<RescaleIcSl>0 1</RescaleIcSl>
				<MD5Vinci4>7C6352DA7CA6BBC13638B02D13738188</MD5Vinci4>
				<ImagePosPat>0 0 141</ImagePosPat>
				<InstanceNumber>0</InstanceNumber>
				<ScalarPos>141</ScalarPos>
			</File>
			<File>
				<Filename>95.dcm</Filename>
				<RescaleIcSl>0 1</RescaleIcSl>
				<MD5Vinci4>43402C2E38B5DE0C186C2A34874A2F9E</MD5Vinci4>
				<ImagePosPat>0 0 142.5</ImagePosPat>
				<InstanceNumber>0</InstanceNumber>
				<ScalarPos>142.5</ScalarPos>
			</File>
			<File>
				<Filename>96.dcm</Filename>
				<RescaleIcSl>0 1</RescaleIcSl>
				<MD5Vinci4>B2219FEDF4A5B1471B7AD193BD563FF2</MD5Vinci4>
				<ImagePosPat>0 0 144</ImagePosPat>
				<InstanceNumber>0</InstanceNumber>
				<ScalarPos>144</ScalarPos>
			</File>
			<File>
				<Filename>97.dcm</Filename>
				<RescaleIcSl>0 1</RescaleIcSl>
				<MD5Vinci4>0A8F003719C971AE79FE531FEAD137F5</MD5Vinci4>
				<ImagePosPat>0 0 145.5</ImagePosPat>
				<InstanceNumber>0</InstanceNumber>
				<ScalarPos>145.5</ScalarPos>
			</File>
			<File>
				<Filename>98.dcm</Filename>
				<RescaleIcSl>0 1</RescaleIcSl>
				<MD5Vinci4>2380007455C326F0A166AD9076475670</MD5Vinci4>
				<ImagePosPat>0 0 147</ImagePosPat>
				<InstanceNumber>0</InstanceNumber>
				<ScalarPos>147</ScalarPos>
			</File>
			<File>
				<Filename>99.dcm</Filename>
				<RescaleIcSl>0 1</RescaleIcSl>
				<MD5Vinci4>14C9D1728BD106D0D902679560584B87</MD5Vinci4>
				<ImagePosPat>0 0 148.5</ImagePosPat>
				<InstanceNumber>0</InstanceNumber>
				<ScalarPos>148.5</ScalarPos>
			</File>
			<File>
				<Filename>100.dcm</Filename>
				<RescaleIcSl>0 1</RescaleIcSl>
				<MD5Vinci4>42A9AE386F164A53174D394A805C2D9B</MD5Vinci4>
				<ImagePosPat>0 0 150</ImagePosPat>
				<InstanceNumber>0</InstanceNumber>
				<ScalarPos>150</ScalarPos>
			</File>
			<File>
				<Filename>101.dcm</Filename>
				<RescaleIcSl>0 1</RescaleIcSl>
				<MD5Vinci4>5882A493742545E6174BA3E33FB205BB</MD5Vinci4>
				<ImagePosPat>0 0 151.5</ImagePosPat>
				<InstanceNumber>0</InstanceNumber>
				<ScalarPos>151.5</ScalarPos>
			</File>
			<File>
				<Filename>102.dcm</Filename>
				<RescaleIcSl>0 1</RescaleIcSl>
				<MD5Vinci4>FF6F68769508CEC6575EF70CD2E23898</MD5Vinci4>
				<ImagePosPat>0 0 153</ImagePosPat>
				<InstanceNumber>0</InstanceNumber>
				<ScalarPos>153</ScalarPos>
			</File>
			<File>
				<Filename>103.dcm</Filename>
				<RescaleIcSl>0 1</RescaleIcSl>
				<MD5Vinci4>44E616B99C2D63562458AAC5563C1422</MD5Vinci4>
				<ImagePosPat>0 0 154.5</ImagePosPat>
				<InstanceNumber>0</InstanceNumber>
				<ScalarPos>154.5</ScalarPos>
			</File>
			<File>
				<Filename>104.dcm</Filename>
				<RescaleIcSl>0 1</RescaleIcSl>
				<MD5Vinci4>28BFD6D084734F6D3590E9F8DB673783</MD5Vinci4>
				<ImagePosPat>0 0 156</ImagePosPat>
				<InstanceNumber>0</InstanceNumber>
				<ScalarPos>156</ScalarPos>
			</File>
			<File>
				<Filename>105.dcm</Filename>
				<RescaleIcSl>0 1</RescaleIcSl>
				<MD5Vinci4>8D34796959D191F2F5E7156244FA10F4</MD5Vinci4>
				<ImagePosPat>0 0 157.5</ImagePosPat>
				<InstanceNumber>0</InstanceNumber>
				<ScalarPos>157.5</ScalarPos>
			</File>
			<File>
				<Filename>106.dcm</Filename>
				<RescaleIcSl>0 1</RescaleIcSl>
				<MD5Vinci4>B5AB260828DBE0F1CF9E3A49ED3E94A9</MD5Vinci4>
				<ImagePosPat>0 0 159</ImagePosPat>
				<InstanceNumber>0</InstanceNumber>
				<ScalarPos>159</ScalarPos>
			</File>
			<File>
				<Filename>107.dcm</Filename>
				<RescaleIcSl>0 1</RescaleIcSl>
				<MD5Vinci4>E325EDBE5389D88CA33E1C39ABAF89D5</MD5Vinci4>
				<ImagePosPat>0 0 160.5</ImagePosPat>
				<InstanceNumber>0</InstanceNumber>
				<ScalarPos>160.5</ScalarPos>
			</File>
			<File>
				<Filename>108.dcm</Filename>
				<RescaleIcSl>0 1</RescaleIcSl>
				<MD5Vinci4>FC253D75D5D703BAA8961430029F3973</MD5Vinci4>
				<ImagePosPat>0 0 162</ImagePosPat>
				<InstanceNumber>0</InstanceNumber>
				<ScalarPos>162</ScalarPos>
			</File>
			<File>
				<Filename>109.dcm</Filename>
				<RescaleIcSl>0 1</RescaleIcSl>
				<MD5Vinci4>1EFF89F7058A3B6C9CBF8C32B6723CD5</MD5Vinci4>
				<ImagePosPat>0 0 163.5</ImagePosPat>
				<InstanceNumber>0</InstanceNumber>
				<ScalarPos>163.5</ScalarPos>
			</File>
			<File>
				<Filename>110.dcm</Filename>
				<RescaleIcSl>0 1</RescaleIcSl>
				<MD5Vinci4>633100A3196D0B710EF3539A1AB60FB8</MD5Vinci4>
				<ImagePosPat>0 0 165</ImagePosPat>
				<InstanceNumber>0</InstanceNumber>
				<ScalarPos>165</ScalarPos>
			</File>
			<File>
				<Filename>111.dcm</Filename>
				<RescaleIcSl>0 1</RescaleIcSl>
				<MD5Vinci4>E960C576F610DF0E02324CC969C6F472</MD5Vinci4>
				<ImagePosPat>0 0 166.5</ImagePosPat>
				<InstanceNumber>0</InstanceNumber>
				<ScalarPos>166.5</ScalarPos>
			</File>
			<File>
				<Filename>112.dcm</Filename>
				<RescaleIcSl>0 1</RescaleIcSl>
				<MD5Vinci4>DA3AEE0F1C0BD00C89BBBA114DCB300E</MD5Vinci4>
				<ImagePosPat>0 0 168</ImagePosPat>
				<InstanceNumber>0</InstanceNumber>
				<ScalarPos>168</ScalarPos>
			</File>
			<File>
				<Filename>113.dcm</Filename>
				<RescaleIcSl>0 1</RescaleIcSl>
				<MD5Vinci4>19E74E4417C38AA4A0BFBD62316B55D5</MD5Vinci4>
				<ImagePosPat>0 0 169.5</ImagePosPat>
				<InstanceNumber>0</InstanceNumber>
				<ScalarPos>169.5</ScalarPos>
			</File>
			<File>
				<Filename>114.dcm</Filename>
				<RescaleIcSl>0 1</RescaleIcSl>
				<MD5Vinci4>333F40AFBF8CC13BE30319181124B132</MD5Vinci4>
				<ImagePosPat>0 0 171</ImagePosPat>
				<InstanceNumber>0</InstanceNumber>
				<ScalarPos>171</ScalarPos>
			</File>
			<File>
				<Filename>115.dcm</Filename>
				<RescaleIcSl>0 1</RescaleIcSl>
				<MD5Vinci4>BA9BB1792153BEFD8EB20BBECD4B659F</MD5Vinci4>
				<ImagePosPat>0 0 172.5</ImagePosPat>
				<InstanceNumber>0</InstanceNumber>
				<ScalarPos>172.5</ScalarPos>
			</File>
			<File>
				<Filename>116.dcm</Filename>
				<RescaleIcSl>0 1</RescaleIcSl>
				<MD5Vinci4>671197D53FFFA9AD4C83FB0E9F0C2EC6</MD5Vinci4>
				<ImagePosPat>0 0 174</ImagePosPat>
				<InstanceNumber>0</InstanceNumber>
				<ScalarPos>174</ScalarPos>
			</File>
			<File>
				<Filename>117.dcm</Filename>
				<RescaleIcSl>0 1</RescaleIcSl>
				<MD5Vinci4>BF1E8F52E5354CEB3C27A0FA6CA8C89F</MD5Vinci4>
				<ImagePosPat>0 0 175.5</ImagePosPat>
				<InstanceNumber>0</InstanceNumber>
				<ScalarPos>175.5</ScalarPos>
			</File>
			<File>
				<Filename>118.dcm</Filename>
				<RescaleIcSl>0 1</RescaleIcSl>
				<MD5Vinci4>B7275EE9D81AF619DDA13017ACAA6E51</MD5Vinci4>
				<ImagePosPat>0 0 177</ImagePosPat>
				<InstanceNumber>0</InstanceNumber>
				<ScalarPos>177</ScalarPos>
			</File>
			<File>
				<Filename>119.dcm</Filename>
				<RescaleIcSl>0 1</RescaleIcSl>
				<MD5Vinci4>ADB1ED36CA439BC1381DEFA69973840A</MD5Vinci4>
				<ImagePosPat>0 0 178.5</ImagePosPat>
				<InstanceNumber>0</InstanceNumber>
				<ScalarPos>178.5</ScalarPos>
			</File>
			<File>
				<Filename>120.dcm</Filename>
				<RescaleIcSl>0 1</RescaleIcSl>
				<MD5Vinci4>839CC6F13A6983ED9EF64F2AEF1B30C7</MD5Vinci4>
				<ImagePosPat>0 0 180</ImagePosPat>
				<InstanceNumber>0</InstanceNumber>
				<ScalarPos>180</ScalarPos>
			</File>
			<File>
				<Filename>121.dcm</Filename>
				<RescaleIcSl>0 1</RescaleIcSl>
				<MD5Vinci4>55F37C8121AF9CDF2A49A09C57328C9D</MD5Vinci4>
				<ImagePosPat>0 0 181.5</ImagePosPat>
				<InstanceNumber>0</InstanceNumber>
				<ScalarPos>181.5</ScalarPos>
			</File>
			<File>
				<Filename>122.dcm</Filename>
				<RescaleIcSl>0 1</RescaleIcSl>
				<MD5Vinci4>27A9B41475C7B5046990BDE61E2F29ED</MD5Vinci4>
				<ImagePosPat>0 0 183</ImagePosPat>
				<InstanceNumber>0</InstanceNumber>
				<ScalarPos>183</ScalarPos>
			</File>
			<File>
				<Filename>123.dcm</Filename>
				<RescaleIcSl>0 1</RescaleIcSl>
				<MD5Vinci4>B5D79BCC6F5A4220B7A55450BC517F21</MD5Vinci4>
				<ImagePosPat>0 0 184.5</ImagePosPat>
				<InstanceNumber>0</InstanceNumber>
				<ScalarPos>184.5</ScalarPos>
			</File>
			<File>
				<Filename>124.dcm</Filename>
				<RescaleIcSl>0 1</RescaleIcSl>
				<MD5Vinci4>6670CD4117C0AAEF14B27196C910F027</MD5Vinci4>
				<ImagePosPat>0 0 186</ImagePosPat>
				<InstanceNumber>0</InstanceNumber>
				<ScalarPos>186</ScalarPos>
			</File>
			<File>
				<Filename>125.dcm</Filename>
				<RescaleIcSl>0 1</RescaleIcSl>
				<MD5Vinci4>7D35BCB1F204AC0F61C5A4E5D4C7E167</MD5Vinci4>
				<ImagePosPat>0 0 187.5</ImagePosPat>
				<InstanceNumber>0</InstanceNumber>
				<ScalarPos>187.5</ScalarPos>
			</File>
			<File>
				<Filename>126.dcm</Filename>
				<RescaleIcSl>0 1</RescaleIcSl>
				<MD5Vinci4>EDC648AFBF27353942283F4663918CDA</MD5Vinci4>
				<ImagePosPat>0 0 189</ImagePosPat>
				<InstanceNumber>0</InstanceNumber>
				<ScalarPos>189</ScalarPos>
			</File>
			<File>
				<Filename>127.dcm</Filename>
				<RescaleIcSl>0 1</RescaleIcSl>
				<MD5Vinci4>0674AFBB90D768A109460DF6BFA8544A</MD5Vinci4>
				<ImagePosPat>0 0 190.5</ImagePosPat>
				<InstanceNumber>0</InstanceNumber>
				<ScalarPos>190.5</ScalarPos>
			</File>
			<File>
				<Filename>128.dcm</Filename>
				<RescaleIcSl>0 1</RescaleIcSl>
				<MD5Vinci4>0096134524D4E750CA6A1B6375F68394</MD5Vinci4>
				<ImagePosPat>0 0 192</ImagePosPat>
				<InstanceNumber>0</InstanceNumber>
				<ScalarPos>192</ScalarPos>
			</File>
			<File>
				<Filename>129.dcm</Filename>
				<RescaleIcSl>0 1</RescaleIcSl>
				<MD5Vinci4>0227BB8F1D779C3C8AA43BAB6C3203AD</MD5Vinci4>
				<ImagePosPat>0 0 193.5</ImagePosPat>
				<InstanceNumber>0</InstanceNumber>
				<ScalarPos>193.5</ScalarPos>
			</File>
			<File>
				<Filename>130.dcm</Filename>
				<RescaleIcSl>0 1</RescaleIcSl>
				<MD5Vinci4>832F9D7BC13904666D8402D12CE92EA8</MD5Vinci4>
				<ImagePosPat>0 0 195</ImagePosPat>
				<InstanceNumber>0</InstanceNumber>
				<ScalarPos>195</ScalarPos>
			</File>
			<File>
				<Filename>131.dcm</Filename>
				<RescaleIcSl>0 1</RescaleIcSl>
				<MD5Vinci4>D17E4C6B27DE7A921C0EE991B9AB1046</MD5Vinci4>
				<ImagePosPat>0 0 196.5</ImagePosPat>
				<InstanceNumber>0</InstanceNumber>
				<ScalarPos>196.5</ScalarPos>
			</File>
			<File>
				<Filename>132.dcm</Filename>
				<RescaleIcSl>0 1</RescaleIcSl>
				<MD5Vinci4>3E39E11B426F4AD9461F29BAD819E113</MD5Vinci4>
				<ImagePosPat>0 0 198</ImagePosPat>
				<InstanceNumber>0</InstanceNumber>
				<ScalarPos>198</ScalarPos>
			</File>
			<File>
				<Filename>133.dcm</Filename>
				<RescaleIcSl>0 1</RescaleIcSl>
				<MD5Vinci4>B99CE06F54FF4F291B9CB7853D302E2D</MD5Vinci4>
				<ImagePosPat>0 0 199.5</ImagePosPat>
				<InstanceNumber>0</InstanceNumber>
				<ScalarPos>199.5</ScalarPos>
			</File>
			<File>
				<Filename>134.dcm</Filename>
				<RescaleIcSl>0 1</RescaleIcSl>
				<MD5Vinci4>2B7BC2F2B87DAF6E31EE66E72B04C8E0</MD5Vinci4>
				<ImagePosPat>0 0 201</ImagePosPat>
				<InstanceNumber>0</InstanceNumber>
				<ScalarPos>201</ScalarPos>
			</File>
			<File>
				<Filename>135.dcm</Filename>
				<RescaleIcSl>0 1</RescaleIcSl>
				<MD5Vinci4>CC17A759319232998DFCBB5213FE5EC3</MD5Vinci4>
				<ImagePosPat>0 0 202.5</ImagePosPat>
				<InstanceNumber>0</InstanceNumber>
				<ScalarPos>202.5</ScalarPos>
			</File>
			<File>
				<Filename>136.dcm</Filename>
				<RescaleIcSl>0 1</RescaleIcSl>
				<MD5Vinci4>F12006DD7392ED9F2A38501F48E9796F</MD5Vinci4>
				<ImagePosPat>0 0 204</ImagePosPat>
				<InstanceNumber>0</InstanceNumber>
				<ScalarPos>204</ScalarPos>
			</File>
			<File>
				<Filename>137.dcm</Filename>
				<RescaleIcSl>0 1</RescaleIcSl>
				<MD5Vinci4>0D6C6B5F4F33E842A56A7A9841471F7E</MD5Vinci4>
				<ImagePosPat>0 0 205.5</ImagePosPat>
				<InstanceNumber>0</InstanceNumber>
				<ScalarPos>205.5</ScalarPos>
			</File>
			<File>
				<Filename>138.dcm</Filename>
				<RescaleIcSl>0 1</RescaleIcSl>
				<MD5Vinci4>EE92384013D420130E8626E411911485</MD5Vinci4>
				<ImagePosPat>0 0 207</ImagePosPat>
				<InstanceNumber>0</InstanceNumber>
				<ScalarPos>207</ScalarPos>
			</File>
			<File>
				<Filename>139.dcm</Filename>
				<RescaleIcSl>0 1</RescaleIcSl>
				<MD5Vinci4>31D3BF352A445AD79D9469CA691406E1</MD5Vinci4>
				<ImagePosPat>0 0 208.5</ImagePosPat>
				<InstanceNumber>0</InstanceNumber>
				<ScalarPos>208.5</ScalarPos>
			</File>
			<File>
				<Filename>140.dcm</Filename>
				<RescaleIcSl>0 1</RescaleIcSl>
				<MD5Vinci4>43AB8937AE23BB8B22146E3ADBB89C64</MD5Vinci4>
				<ImagePosPat>0 0 210</ImagePosPat>
				<InstanceNumber>0</InstanceNumber>
				<ScalarPos>210</ScalarPos>
			</File>
			<File>
				<Filename>141.dcm</Filename>
				<RescaleIcSl>0 1</RescaleIcSl>
				<MD5Vinci4>1AD53E6890480AC3F36DB2582D7FFB03</MD5Vinci4>
				<ImagePosPat>0 0 211.5</ImagePosPat>
				<InstanceNumber>0</InstanceNumber>
				<ScalarPos>211.5</ScalarPos>
			</File>
			<File>
				<Filename>142.dcm</Filename>
				<RescaleIcSl>0 1</RescaleIcSl>
				<MD5Vinci4>954DBDB4972E814B531157188E1318A9</MD5Vinci4>
				<ImagePosPat>0 0 213</ImagePosPat>
				<InstanceNumber>0</InstanceNumber>
				<ScalarPos>213</ScalarPos>
			</File>
			<File>
				<Filename>143.dcm</Filename>
				<RescaleIcSl>0 1</RescaleIcSl>
				<MD5Vinci4>EABBAEB3E8FB9EA72A0A1D878673D3F9</MD5Vinci4>
				<ImagePosPat>0 0 214.5</ImagePosPat>
				<InstanceNumber>0</InstanceNumber>
				<ScalarPos>214.5</ScalarPos>
			</File>
			<File>
				<Filename>144.dcm</Filename>
				<RescaleIcSl>0 1</RescaleIcSl>
				<MD5Vinci4>DBF83A53DDE33803F9AF01F622A6BD46</MD5Vinci4>
				<ImagePosPat>0 0 216</ImagePosPat>
				<InstanceNumber>0</InstanceNumber>
				<ScalarPos>216</ScalarPos>
			</File>
			<File>
				<Filename>145.dcm</Filename>
				<RescaleIcSl>0 1</RescaleIcSl>
				<MD5Vinci4>DA25B61219D10B4CB9C5D1335C4F6E98</MD5Vinci4>
				<ImagePosPat>0 0 217.5</ImagePosPat>
				<InstanceNumber>0</InstanceNumber>
				<ScalarPos>217.5</ScalarPos>
			</File>
			<File>
				<Filename>146.dcm</Filename>
				<RescaleIcSl>0 1</RescaleIcSl>
				<MD5Vinci4>CE95EA93461D619CEE6E970E0B318474</MD5Vinci4>
				<ImagePosPat>0 0 219</ImagePosPat>
				<InstanceNumber>0</InstanceNumber>
				<ScalarPos>219</ScalarPos>
			</File>
			<File>
				<Filename>147.dcm</Filename>
				<RescaleIcSl>0 1</RescaleIcSl>
				<MD5Vinci4>5C0A0F1259BC8CD96B9A9B6944E7EA33</MD5Vinci4>
				<ImagePosPat>0 0 220.5</ImagePosPat>
				<InstanceNumber>0</InstanceNumber>
				<ScalarPos>220.5</ScalarPos>
			</File>
			<File>
				<Filename>148.dcm</Filename>
				<RescaleIcSl>0 1</RescaleIcSl>
				<MD5Vinci4>6FC2C9DECB48E8C5CF6433C250F556B7</MD5Vinci4>
				<ImagePosPat>0 0 222</ImagePosPat>
				<InstanceNumber>0</InstanceNumber>
				<ScalarPos>222</ScalarPos>
			</File>
			<File>
				<Filename>149.dcm</Filename>
				<RescaleIcSl>0 1</RescaleIcSl>
				<MD5Vinci4>1951952DD4082569D7E24FA85FAB7442</MD5Vinci4>
				<ImagePosPat>0 0 223.5</ImagePosPat>
				<InstanceNumber>0</InstanceNumber>
				<ScalarPos>223.5</ScalarPos>
			</File>
			<File>
				<Filename>150.dcm</Filename>
				<RescaleIcSl>0 1</RescaleIcSl>
				<MD5Vinci4>F1169AA66F6C45068ABA7E12BDDCC288</MD5Vinci4>
				<ImagePosPat>0 0 225</ImagePosPat>
				<InstanceNumber>0</InstanceNumber>
				<ScalarPos>225</ScalarPos>
			</File>
			<File>
				<Filename>151.dcm</Filename>
				<RescaleIcSl>0 1</RescaleIcSl>
				<MD5Vinci4>52C0FEA7072D0E859CDE9C9CE7561C38</MD5Vinci4>
				<ImagePosPat>0 0 226.5</ImagePosPat>
				<InstanceNumber>0</InstanceNumber>
				<ScalarPos>226.5</ScalarPos>
			</File>
			<File>
				<Filename>152.dcm</Filename>
				<RescaleIcSl>0 1</RescaleIcSl>
				<MD5Vinci4>DA56B416FCE923F7A6478AFD6B85E64B</MD5Vinci4>
				<ImagePosPat>0 0 228</ImagePosPat>
				<InstanceNumber>0</InstanceNumber>
				<ScalarPos>228</ScalarPos>
			</File>
			<File>
				<Filename>153.dcm</Filename>
				<RescaleIcSl>0 1</RescaleIcSl>
				<MD5Vinci4>FA91CCB1EA4EA0B72D5B93D2B09BC2DE</MD5Vinci4>
				<ImagePosPat>0 0 229.5</ImagePosPat>
				<InstanceNumber>0</InstanceNumber>
				<ScalarPos>229.5</ScalarPos>
			</File>
			<File>
				<Filename>154.dcm</Filename>
				<RescaleIcSl>0 1</RescaleIcSl>
				<MD5Vinci4>C24E2E1FB052502007400C84B7168E76</MD5Vinci4>
				<ImagePosPat>0 0 231</ImagePosPat>
				<InstanceNumber>0</InstanceNumber>
				<ScalarPos>231</ScalarPos>
			</File>
			<File>
				<Filename>155.dcm</Filename>
				<RescaleIcSl>0 1</RescaleIcSl>
				<MD5Vinci4>05AFBF90361B99746C797D4986C46450</MD5Vinci4>
				<ImagePosPat>0 0 232.5</ImagePosPat>
				<InstanceNumber>0</InstanceNumber>
				<ScalarPos>232.5</ScalarPos>
			</File>
			<File>
				<Filename>156.dcm</Filename>
				<RescaleIcSl>0 1</RescaleIcSl>
				<MD5Vinci4>667DBA22E872A75D682A475C2E216210</MD5Vinci4>
				<ImagePosPat>0 0 234</ImagePosPat>
				<InstanceNumber>0</InstanceNumber>
				<ScalarPos>234</ScalarPos>
			</File>
			<File>
				<Filename>157.dcm</Filename>
				<RescaleIcSl>0 1</RescaleIcSl>
				<MD5Vinci4>69ED4089BA23147DDA67FFBF1AA1D45A</MD5Vinci4>
				<ImagePosPat>0 0 235.5</ImagePosPat>
				<InstanceNumber>0</InstanceNumber>
				<ScalarPos>235.5</ScalarPos>
			</File>
			<File>
				<Filename>158.dcm</Filename>
				<RescaleIcSl>0 1</RescaleIcSl>
				<MD5Vinci4>C69986204801DD99AD069E9E217360D7</MD5Vinci4>
				<ImagePosPat>0 0 237</ImagePosPat>
				<InstanceNumber>0</InstanceNumber>
				<ScalarPos>237</ScalarPos>
			</File>
			<File>
				<Filename>159.dcm</Filename>
				<RescaleIcSl>0 1</RescaleIcSl>
				<MD5Vinci4>BD31E81CA677B4C3BED27CE3382E6FD7</MD5Vinci4>
				<ImagePosPat>0 0 238.5</ImagePosPat>
				<InstanceNumber>0</InstanceNumber>
				<ScalarPos>238.5</ScalarPos>
			</File>
			<File>
				<Filename>160.dcm</Filename>
				<RescaleIcSl>0 1</RescaleIcSl>
				<MD5Vinci4>A1FB38A6B00586591337A552C3968F52</MD5Vinci4>
				<ImagePosPat>0 0 240</ImagePosPat>
				<InstanceNumber>0</InstanceNumber>
				<ScalarPos>240</ScalarPos>
			</File>
			<File>
				<Filename>161.dcm</Filename>
				<RescaleIcSl>0 1</RescaleIcSl>
				<MD5Vinci4>8A89C148A7708A30A1F551C36FDFA953</MD5Vinci4>
				<ImagePosPat>0 0 241.5</ImagePosPat>
				<InstanceNumber>0</InstanceNumber>
				<ScalarPos>241.5</ScalarPos>
			</File>
			<File>
				<Filename>162.dcm</Filename>
				<RescaleIcSl>0 1</RescaleIcSl>
				<MD5Vinci4>2FC057EA197D7689D901FF7559A91E5A</MD5Vinci4>
				<ImagePosPat>0 0 243</ImagePosPat>
				<InstanceNumber>0</InstanceNumber>
				<ScalarPos>243</ScalarPos>
			</File>
			<File>
				<Filename>163.dcm</Filename>
				<RescaleIcSl>0 1</RescaleIcSl>
				<MD5Vinci4>31C0C2AD956C0A62A0DB844B9D86530B</MD5Vinci4>
				<ImagePosPat>0 0 244.5</ImagePosPat>
				<InstanceNumber>0</InstanceNumber>
				<ScalarPos>244.5</ScalarPos>
			</File>
			<File>
				<Filename>164.dcm</Filename>
				<RescaleIcSl>0 1</RescaleIcSl>
				<MD5Vinci4>A220CC4826D3240388FC03044378CE6F</MD5Vinci4>
				<ImagePosPat>0 0 246</ImagePosPat>
				<InstanceNumber>0</InstanceNumber>
				<ScalarPos>246</ScalarPos>
			</File>
			<File>
				<Filename>165.dcm</Filename>
				<RescaleIcSl>0 1</RescaleIcSl>
				<MD5Vinci4>740EC7B6AE8A0DD1591FEFDE2FE1F6AB</MD5Vinci4>
				<ImagePosPat>0 0 247.5</ImagePosPat>
				<InstanceNumber>0</InstanceNumber>
				<ScalarPos>247.5</ScalarPos>
			</File>
			<File>
				<Filename>166.dcm</Filename>
				<RescaleIcSl>0 1</RescaleIcSl>
				<MD5Vinci4>E2BBD0BF967071F642155A9377E55812</MD5Vinci4>
				<ImagePosPat>0 0 249</ImagePosPat>
				<InstanceNumber>0</InstanceNumber>
				<ScalarPos>249</ScalarPos>
			</File>
			<File>
				<Filename>167.dcm</Filename>
				<RescaleIcSl>0 1</RescaleIcSl>
				<MD5Vinci4>007D33464F05C4E7CD58E0B340995DFB</MD5Vinci4>
				<ImagePosPat>0 0 250.5</ImagePosPat>
				<InstanceNumber>0</InstanceNumber>
				<ScalarPos>250.5</ScalarPos>
			</File>
			<File>
				<Filename>168.dcm</Filename>
				<RescaleIcSl>0 1</RescaleIcSl>
				<MD5Vinci4>56E178E31704686828AECA558D508751</MD5Vinci4>
				<ImagePosPat>0 0 252</ImagePosPat>
				<InstanceNumber>0</InstanceNumber>
				<ScalarPos>252</ScalarPos>
			</File>
			<File>
				<Filename>169.dcm</Filename>
				<RescaleIcSl>0 1</RescaleIcSl>
				<MD5Vinci4>B1248070736AC8AA6064FE6A4E3649B1</MD5Vinci4>
				<ImagePosPat>0 0 253.5</ImagePosPat>
				<InstanceNumber>0</InstanceNumber>
				<ScalarPos>253.5</ScalarPos>
			</File>
			<File>
				<Filename>170.dcm</Filename>
				<RescaleIcSl>0 1</RescaleIcSl>
				<MD5Vinci4>41F609C8C578CC2AB98EE1A89841612A</MD5Vinci4>
				<ImagePosPat>0 0 255</ImagePosPat>
				<InstanceNumber>0</InstanceNumber>
				<ScalarPos>255</ScalarPos>
			</File>
			<File>
				<Filename>171.dcm</Filename>
				<RescaleIcSl>0 1</RescaleIcSl>
				<MD5Vinci4>AA279D386775BEA26B7C8401D347A3FD</MD5Vinci4>
				<ImagePosPat>0 0 256.5</ImagePosPat>
				<InstanceNumber>0</InstanceNumber>
				<ScalarPos>256.5</ScalarPos>
			</File>
			<File>
				<Filename>172.dcm</Filename>
				<RescaleIcSl>0 1</RescaleIcSl>
				<MD5Vinci4>D44AB7814E11A83F2A96AD0B3D938264</MD5Vinci4>
				<ImagePosPat>0 0 258</ImagePosPat>
				<InstanceNumber>0</InstanceNumber>
				<ScalarPos>258</ScalarPos>
			</File>
			<File>
				<Filename>173.dcm</Filename>
				<RescaleIcSl>0 1</RescaleIcSl>
				<MD5Vinci4>04492120318DDE1E8724990BD55F2395</MD5Vinci4>
				<ImagePosPat>0 0 259.5</ImagePosPat>
				<InstanceNumber>0</InstanceNumber>
				<ScalarPos>259.5</ScalarPos>
			</File>
			<File>
				<Filename>174.dcm</Filename>
				<RescaleIcSl>0 1</RescaleIcSl>
				<MD5Vinci4>A1E6BD7E1076480E5897F0F9A17DDA4B</MD5Vinci4>
				<ImagePosPat>0 0 261</ImagePosPat>
				<InstanceNumber>0</InstanceNumber>
				<ScalarPos>261</ScalarPos>
			</File>
			<File>
				<Filename>175.dcm</Filename>
				<RescaleIcSl>0 1</RescaleIcSl>
				<MD5Vinci4>9428B97E802B39E630DDC8EBD60E2CA8</MD5Vinci4>
				<ImagePosPat>0 0 262.5</ImagePosPat>
				<InstanceNumber>0</InstanceNumber>
				<ScalarPos>262.5</ScalarPos>
			</File>
			<File>
				<Filename>176.dcm</Filename>
				<RescaleIcSl>0 1</RescaleIcSl>
				<MD5Vinci4>E5C48D66423D798A363BC95DAC969FE3</MD5Vinci4>
				<ImagePosPat>0 0 264</ImagePosPat>
				<InstanceNumber>0</InstanceNumber>
				<ScalarPos>264</ScalarPos>
			</File>
			<File>
				<Filename>177.dcm</Filename>
				<RescaleIcSl>0 1</RescaleIcSl>
				<MD5Vinci4>364D01ACFE05A8DD38328C4FC5AAD2ED</MD5Vinci4>
				<ImagePosPat>0 0 265.5</ImagePosPat>
				<InstanceNumber>0</InstanceNumber>
				<ScalarPos>265.5</ScalarPos>
			</File>
			<File>
				<Filename>178.dcm</Filename>
				<RescaleIcSl>0 1</RescaleIcSl>
				<MD5Vinci4>F82F40B430D955815DD1DDE69E223A76</MD5Vinci4>
				<ImagePosPat>0 0 267</ImagePosPat>
				<InstanceNumber>0</InstanceNumber>
				<ScalarPos>267</ScalarPos>
			</File>
			<File>
				<Filename>179.dcm</Filename>
				<RescaleIcSl>0 1</RescaleIcSl>
				<MD5Vinci4>BC6E5B4765374C86812902CF9F4D580B</MD5Vinci4>
				<ImagePosPat>0 0 268.5</ImagePosPat>
				<InstanceNumber>0</InstanceNumber>
				<ScalarPos>268.5</ScalarPos>
			</File>
			<File>
				<Filename>180.dcm</Filename>
				<RescaleIcSl>0 1</RescaleIcSl>
				<MD5Vinci4>130708D64A71D2208C37CC89BC4F71F9</MD5Vinci4>
				<ImagePosPat>0 0 270</ImagePosPat>
				<InstanceNumber>0</InstanceNumber>
				<ScalarPos>270</ScalarPos>
			</File>
			<File>
				<Filename>181.dcm</Filename>
				<RescaleIcSl>0 1</RescaleIcSl>
				<MD5Vinci4>546F74BACBD6546413D70847AAB7C0ED</MD5Vinci4>
				<ImagePosPat>0 0 271.5</ImagePosPat>
				<InstanceNumber>0</InstanceNumber>
				<ScalarPos>271.5</ScalarPos>
			</File>
			<File>
				<Filename>182.dcm</Filename>
				<RescaleIcSl>0 1</RescaleIcSl>
				<MD5Vinci4>037D85CF8B09DD5599A775664F24AA1B</MD5Vinci4>
				<ImagePosPat>0 0 273</ImagePosPat>
				<InstanceNumber>0</InstanceNumber>
				<ScalarPos>273</ScalarPos>
			</File>
			<File>
				<Filename>183.dcm</Filename>
				<RescaleIcSl>0 1</RescaleIcSl>
				<MD5Vinci4>579021A46366163CC321FD084933C7C0</MD5Vinci4>
				<ImagePosPat>0 0 274.5</ImagePosPat>
				<InstanceNumber>0</InstanceNumber>
				<ScalarPos>274.5</ScalarPos>
			</File>
			<File>
				<Filename>184.dcm</Filename>
				<RescaleIcSl>0 1</RescaleIcSl>
				<MD5Vinci4>C9952DF032F1F32AC869E6732D469018</MD5Vinci4>
				<ImagePosPat>0 0 276</ImagePosPat>
				<InstanceNumber>0</InstanceNumber>
				<ScalarPos>276</ScalarPos>
			</File>
			<File>
				<Filename>185.dcm</Filename>
				<RescaleIcSl>0 1</RescaleIcSl>
				<MD5Vinci4>4726B6C489A5980BC696743BB3D05AEA</MD5Vinci4>
				<ImagePosPat>0 0 277.5</ImagePosPat>
				<InstanceNumber>0</InstanceNumber>
				<ScalarPos>277.5</ScalarPos>
			</File>
			<File>
				<Filename>186.dcm</Filename>
				<RescaleIcSl>0 1</RescaleIcSl>
				<MD5Vinci4>B7AA70DB3A9BB41020F27600C837BFD2</MD5Vinci4>
				<ImagePosPat>0 0 279</ImagePosPat>
				<InstanceNumber>0</InstanceNumber>
				<ScalarPos>279</ScalarPos>
			</File>
			<File>
				<Filename>187.dcm</Filename>
				<RescaleIcSl>0 1</RescaleIcSl>
				<MD5Vinci4>00D33F5950CD6F66EAD85B35FDE62BD5</MD5Vinci4>
				<ImagePosPat>0 0 280.5</ImagePosPat>
				<InstanceNumber>0</InstanceNumber>
				<ScalarPos>280.5</ScalarPos>
			</File>
			<File>
				<Filename>188.dcm</Filename>
				<RescaleIcSl>0 1</RescaleIcSl>
				<MD5Vinci4>7FF628B176C2EE2E4F7A2A56A51DEEBD</MD5Vinci4>
				<ImagePosPat>0 0 282</ImagePosPat>
				<InstanceNumber>0</InstanceNumber>
				<ScalarPos>282</ScalarPos>
			</File>
			<File>
				<Filename>189.dcm</Filename>
				<RescaleIcSl>0 1</RescaleIcSl>
				<MD5Vinci4>43108A71AD603777A6FE039C8AD887DD</MD5Vinci4>
				<ImagePosPat>0 0 283.5</ImagePosPat>
				<InstanceNumber>0</InstanceNumber>
				<ScalarPos>283.5</ScalarPos>
			</File>
			<File>
				<Filename>190.dcm</Filename>
				<RescaleIcSl>0 1</RescaleIcSl>
				<MD5Vinci4>1B7062B9801B69B33719F0257DC76686</MD5Vinci4>
				<ImagePosPat>0 0 285</ImagePosPat>
				<InstanceNumber>0</InstanceNumber>
				<ScalarPos>285</ScalarPos>
			</File>
			<File>
				<Filename>191.dcm</Filename>
				<RescaleIcSl>0 1</RescaleIcSl>
				<MD5Vinci4>E6DBE2332D31D53D0B09ABC949F42914</MD5Vinci4>
				<ImagePosPat>0 0 286.5</ImagePosPat>
				<InstanceNumber>0</InstanceNumber>
				<ScalarPos>286.5</ScalarPos>
			</File>
			<File>
				<Filename>192.dcm</Filename>
				<RescaleIcSl>0 1</RescaleIcSl>
				<MD5Vinci4>62D43F9D718BE84329ECFA47AEFAC3AA</MD5Vinci4>
				<ImagePosPat>0 0 288</ImagePosPat>
				<InstanceNumber>0</InstanceNumber>
				<ScalarPos>288</ScalarPos>
			</File>
			<File>
				<Filename>193.dcm</Filename>
				<RescaleIcSl>0 1</RescaleIcSl>
				<MD5Vinci4>D4FE00DE24E7E67BDA1E5A1D4862568C</MD5Vinci4>
				<ImagePosPat>0 0 289.5</ImagePosPat>
				<InstanceNumber>0</InstanceNumber>
				<ScalarPos>289.5</ScalarPos>
			</File>
			<File>
				<Filename>194.dcm</Filename>
				<RescaleIcSl>0 1</RescaleIcSl>
				<MD5Vinci4>06AFC696C94037F8F136C0C2E4F808B6</MD5Vinci4>
				<ImagePosPat>0 0 291</ImagePosPat>
				<InstanceNumber>0</InstanceNumber>
				<ScalarPos>291</ScalarPos>
			</File>
			<File>
				<Filename>195.dcm</Filename>
				<RescaleIcSl>0 1</RescaleIcSl>
				<MD5Vinci4>FA1A98EB280AD8590C7793D2FBD81376</MD5Vinci4>
				<ImagePosPat>0 0 292.5</ImagePosPat>
				<InstanceNumber>0</InstanceNumber>
				<ScalarPos>292.5</ScalarPos>
			</File>
			<File>
				<Filename>196.dcm</Filename>
				<RescaleIcSl>0 1</RescaleIcSl>
				<MD5Vinci4>18EF158B925EE8568210CF2D29884F39</MD5Vinci4>
				<ImagePosPat>0 0 294</ImagePosPat>
				<InstanceNumber>0</InstanceNumber>
				<ScalarPos>294</ScalarPos>
			</File>
			<File>
				<Filename>197.dcm</Filename>
				<RescaleIcSl>0 1</RescaleIcSl>
				<MD5Vinci4>8D38B442425BC584B9E4E4ADC421E1A4</MD5Vinci4>
				<ImagePosPat>0 0 295.5</ImagePosPat>
				<InstanceNumber>0</InstanceNumber>
				<ScalarPos>295.5</ScalarPos>
			</File>
			<File>
				<Filename>198.dcm</Filename>
				<RescaleIcSl>0 1</RescaleIcSl>
				<MD5Vinci4>EE7C6A30DF47EC3B946C0A8A4B999A14</MD5Vinci4>
				<ImagePosPat>0 0 297</ImagePosPat>
				<InstanceNumber>0</InstanceNumber>
				<ScalarPos>297</ScalarPos>
			</File>
			<File>
				<Filename>199.dcm</Filename>
				<RescaleIcSl>0 1</RescaleIcSl>
				<MD5Vinci4>91046E8A8ED2B6A445F3E201F231E7C4</MD5Vinci4>
				<ImagePosPat>0 0 298.5</ImagePosPat>
				<InstanceNumber>0</InstanceNumber>
				<ScalarPos>298.5</ScalarPos>
			</File>
			<File>
				<Filename>200.dcm</Filename>
				<RescaleIcSl>0 1</RescaleIcSl>
				<MD5Vinci4>9E42C094C204493237CBFD42E82F8CDB</MD5Vinci4>
				<ImagePosPat>0 0 300</ImagePosPat>
				<InstanceNumber>0</InstanceNumber>
				<ScalarPos>300</ScalarPos>
			</File>
			<File>
				<Filename>201.dcm</Filename>
				<RescaleIcSl>0 1</RescaleIcSl>
				<MD5Vinci4>AA40749B3AC26B032F809EB546044518</MD5Vinci4>
				<ImagePosPat>0 0 301.5</ImagePosPat>
				<InstanceNumber>0</InstanceNumber>
				<ScalarPos>301.5</ScalarPos>
			</File>
			<File>
				<Filename>202.dcm</Filename>
				<RescaleIcSl>0 1</RescaleIcSl>
				<MD5Vinci4>A989D7EC6D80E0BBA5D400D71B733251</MD5Vinci4>
				<ImagePosPat>0 0 303</ImagePosPat>
				<InstanceNumber>0</InstanceNumber>
				<ScalarPos>303</ScalarPos>
			</File>
			<File>
				<Filename>203.dcm</Filename>
				<RescaleIcSl>0 1</RescaleIcSl>
				<MD5Vinci4>99F37EEA72B6617E0933111847A891D5</MD5Vinci4>
				<ImagePosPat>0 0 304.5</ImagePosPat>
				<InstanceNumber>0</InstanceNumber>
				<ScalarPos>304.5</ScalarPos>
			</File>
			<File>
				<Filename>204.dcm</Filename>
				<RescaleIcSl>0 1</RescaleIcSl>
				<MD5Vinci4>95E367A17F6B4FA88F1A4C3EED2FF09C</MD5Vinci4>
				<ImagePosPat>0 0 306</ImagePosPat>
				<InstanceNumber>0</InstanceNumber>
				<ScalarPos>306</ScalarPos>
			</File>
			<File>
				<Filename>205.dcm</Filename>
				<RescaleIcSl>0 1</RescaleIcSl>
				<MD5Vinci4>0A1FC7D9D98AACEEBEC0CE563048D461</MD5Vinci4>
				<ImagePosPat>0 0 307.5</ImagePosPat>
				<InstanceNumber>0</InstanceNumber>
				<ScalarPos>307.5</ScalarPos>
			</File>
			<File>
				<Filename>206.dcm</Filename>
				<RescaleIcSl>0 1</RescaleIcSl>
				<MD5Vinci4>E1905E89053DC2B4AC27EF720AB04D66</MD5Vinci4>
				<ImagePosPat>0 0 309</ImagePosPat>
				<InstanceNumber>0</InstanceNumber>
				<ScalarPos>309</ScalarPos>
			</File>
			<File>
				<Filename>207.dcm</Filename>
				<RescaleIcSl>0 1</RescaleIcSl>
				<MD5Vinci4>0331A6AFEDA9E41D8F3E45BEE9BB2FA4</MD5Vinci4>
				<ImagePosPat>0 0 310.5</ImagePosPat>
				<InstanceNumber>0</InstanceNumber>
				<ScalarPos>310.5</ScalarPos>
			</File>
			<File>
				<Filename>208.dcm</Filename>
				<RescaleIcSl>0 1</RescaleIcSl>
				<MD5Vinci4>90393BA87D376CC2FDE49167B4091F78</MD5Vinci4>
				<ImagePosPat>0 0 312</ImagePosPat>
				<InstanceNumber>0</InstanceNumber>
				<ScalarPos>312</ScalarPos>
			</File>
			<File>
				<Filename>209.dcm</Filename>
				<RescaleIcSl>0 1</RescaleIcSl>
				<MD5Vinci4>DCE72797F0ED76DC5B1D3CF22B0BB5F2</MD5Vinci4>
				<ImagePosPat>0 0 313.5</ImagePosPat>
				<InstanceNumber>0</InstanceNumber>
				<ScalarPos>313.5</ScalarPos>
			</File>
			<File>
				<Filename>210.dcm</Filename>
				<RescaleIcSl>0 1</RescaleIcSl>
				<MD5Vinci4>578EE428F7A0DA1E6009B7B456147183</MD5Vinci4>
				<ImagePosPat>0 0 315</ImagePosPat>
				<InstanceNumber>0</InstanceNumber>
				<ScalarPos>315</ScalarPos>
			</File>
			<File>
				<Filename>211.dcm</Filename>
				<RescaleIcSl>0 1</RescaleIcSl>
				<MD5Vinci4>9FD6FE025258E34DBEC9D7EBCD695787</MD5Vinci4>
				<ImagePosPat>0 0 316.5</ImagePosPat>
				<InstanceNumber>0</InstanceNumber>
				<ScalarPos>316.5</ScalarPos>
			</File>
			<File>
				<Filename>212.dcm</Filename>
				<RescaleIcSl>0 1</RescaleIcSl>
				<MD5Vinci4>FD4041F7C836E5C26F4C9AD4FA644CD7</MD5Vinci4>
				<ImagePosPat>0 0 318</ImagePosPat>
				<InstanceNumber>0</InstanceNumber>
				<ScalarPos>318</ScalarPos>
			</File>
			<File>
				<Filename>213.dcm</Filename>
				<RescaleIcSl>0 1</RescaleIcSl>
				<MD5Vinci4>FB56B872A6BD8FA5645B679D9CA3C69C</MD5Vinci4>
				<ImagePosPat>0 0 319.5</ImagePosPat>
				<InstanceNumber>0</InstanceNumber>
				<ScalarPos>319.5</ScalarPos>
			</File>
			<File>
				<Filename>214.dcm</Filename>
				<RescaleIcSl>0 1</RescaleIcSl>
				<MD5Vinci4>B012CF81CFBDF8D991E5B9A9080109BC</MD5Vinci4>
				<ImagePosPat>0 0 321</ImagePosPat>
				<InstanceNumber>0</InstanceNumber>
				<ScalarPos>321</ScalarPos>
			</File>
			<File>
				<Filename>215.dcm</Filename>
				<RescaleIcSl>0 1</RescaleIcSl>
				<MD5Vinci4>894FF54BD30564A282BE550752B57766</MD5Vinci4>
				<ImagePosPat>0 0 322.5</ImagePosPat>
				<InstanceNumber>0</InstanceNumber>
				<ScalarPos>322.5</ScalarPos>
			</File>
			<File>
				<Filename>216.dcm</Filename>
				<RescaleIcSl>0 1</RescaleIcSl>
				<MD5Vinci4>66F41F397BCD7AD653D40BE7E64E4FD8</MD5Vinci4>
				<ImagePosPat>0 0 324</ImagePosPat>
				<InstanceNumber>0</InstanceNumber>
				<ScalarPos>324</ScalarPos>
			</File>
			<File>
				<Filename>217.dcm</Filename>
				<RescaleIcSl>0 1</RescaleIcSl>
				<MD5Vinci4>B331FEAFE734E55565EE805C802834F7</MD5Vinci4>
				<ImagePosPat>0 0 325.5</ImagePosPat>
				<InstanceNumber>0</InstanceNumber>
				<ScalarPos>325.5</ScalarPos>
			</File>
			<File>
				<Filename>218.dcm</Filename>
				<RescaleIcSl>0 1</RescaleIcSl>
				<MD5Vinci4>5EC83ECA9F69D6C42A5E7004FC202F01</MD5Vinci4>
				<ImagePosPat>0 0 327</ImagePosPat>
				<InstanceNumber>0</InstanceNumber>
				<ScalarPos>327</ScalarPos>
			</File>
			<File>
				<Filename>219.dcm</Filename>
				<RescaleIcSl>0 1</RescaleIcSl>
				<MD5Vinci4>022A2527B0F790FE0F107CFB8F6413B6</MD5Vinci4>
				<ImagePosPat>0 0 328.5</ImagePosPat>
				<InstanceNumber>0</InstanceNumber>
				<ScalarPos>328.5</ScalarPos>
			</File>
			<File>
				<Filename>220.dcm</Filename>
				<RescaleIcSl>0 1</RescaleIcSl>
				<MD5Vinci4>11F75E6254BBA45AF087C7E2E33CA45D</MD5Vinci4>
				<ImagePosPat>0 0 330</ImagePosPat>
				<InstanceNumber>0</InstanceNumber>
				<ScalarPos>330</ScalarPos>
			</File>
			<File>
				<Filename>221.dcm</Filename>
				<RescaleIcSl>0 1</RescaleIcSl>
				<MD5Vinci4>5759EDE0B8A26778B46691B140D70EE3</MD5Vinci4>
				<ImagePosPat>0 0 331.5</ImagePosPat>
				<InstanceNumber>0</InstanceNumber>
				<ScalarPos>331.5</ScalarPos>
			</File>
			<File>
				<Filename>222.dcm</Filename>
				<RescaleIcSl>0 1</RescaleIcSl>
				<MD5Vinci4>57BB701E3272797F0A56769E319410E4</MD5Vinci4>
				<ImagePosPat>0 0 333</ImagePosPat>
				<InstanceNumber>0</InstanceNumber>
				<ScalarPos>333</ScalarPos>
			</File>
			<File>
				<Filename>223.dcm</Filename>
				<RescaleIcSl>0 1</RescaleIcSl>
				<MD5Vinci4>71565D4AA5E979E3C26B9BE4FAC4CCA6</MD5Vinci4>
				<ImagePosPat>0 0 334.5</ImagePosPat>
				<InstanceNumber>0</InstanceNumber>
				<ScalarPos>334.5</ScalarPos>
			</File>
			<File>
				<Filename>224.dcm</Filename>
				<RescaleIcSl>0 1</RescaleIcSl>
				<MD5Vinci4>09E59FBC4694854473B5C9D4A2C3905E</MD5Vinci4>
				<ImagePosPat>0 0 336</ImagePosPat>
				<InstanceNumber>0</InstanceNumber>
				<ScalarPos>336</ScalarPos>
			</File>
			<File>
				<Filename>225.dcm</Filename>
				<RescaleIcSl>0 1</RescaleIcSl>
				<MD5Vinci4>BC83F83EE8BA1631A95D5EE4205934B3</MD5Vinci4>
				<ImagePosPat>0 0 337.5</ImagePosPat>
				<InstanceNumber>0</InstanceNumber>
				<ScalarPos>337.5</ScalarPos>
			</File>
			<File>
				<Filename>226.dcm</Filename>
				<RescaleIcSl>0 1</RescaleIcSl>
				<MD5Vinci4>8E425E7030FCB02FEB3580F5AC9AC96A</MD5Vinci4>
				<ImagePosPat>0 0 339</ImagePosPat>
				<InstanceNumber>0</InstanceNumber>
				<ScalarPos>339</ScalarPos>
			</File>
			<File>
				<Filename>227.dcm</Filename>
				<RescaleIcSl>0 1</RescaleIcSl>
				<MD5Vinci4>1FFE54749FB7B5E72D9DD13D1AFCDB1F</MD5Vinci4>
				<ImagePosPat>0 0 340.5</ImagePosPat>
				<InstanceNumber>0</InstanceNumber>
				<ScalarPos>340.5</ScalarPos>
			</File>
			<File>
				<Filename>228.dcm</Filename>
				<RescaleIcSl>0 1</RescaleIcSl>
				<MD5Vinci4>589340AB2A32A95BDAB34C336F56F23C</MD5Vinci4>
				<ImagePosPat>0 0 342</ImagePosPat>
				<InstanceNumber>0</InstanceNumber>
				<ScalarPos>342</ScalarPos>
			</File>
			<File>
				<Filename>229.dcm</Filename>
				<RescaleIcSl>0 1</RescaleIcSl>
				<MD5Vinci4>0A386247DA1BAD9BE176865A1FDE8917</MD5Vinci4>
				<ImagePosPat>0 0 343.5</ImagePosPat>
				<InstanceNumber>0</InstanceNumber>
				<ScalarPos>343.5</ScalarPos>
			</File>
			<File>
				<Filename>230.dcm</Filename>
				<RescaleIcSl>0 1</RescaleIcSl>
				<MD5Vinci4>F96CE08F23EC298A7BAE77A24DD13FF3</MD5Vinci4>
				<ImagePosPat>0 0 345</ImagePosPat>
				<InstanceNumber>0</InstanceNumber>
				<ScalarPos>345</ScalarPos>
			</File>
			<File>
				<Filename>231.dcm</Filename>
				<RescaleIcSl>0 1</RescaleIcSl>
				<MD5Vinci4>6C436E57C013F75408F0CB662CD5D555</MD5Vinci4>
				<ImagePosPat>0 0 346.5</ImagePosPat>
				<InstanceNumber>0</InstanceNumber>
				<ScalarPos>346.5</ScalarPos>
			</File>
			<File>
				<Filename>232.dcm</Filename>
				<RescaleIcSl>0 1</RescaleIcSl>
				<MD5Vinci4>2D3018B1D081E615BC479256EF5684CD</MD5Vinci4>
				<ImagePosPat>0 0 348</ImagePosPat>
				<InstanceNumber>0</InstanceNumber>
				<ScalarPos>348</ScalarPos>
			</File>
			<File>
				<Filename>233.dcm</Filename>
				<RescaleIcSl>0 1</RescaleIcSl>
				<MD5Vinci4>E7DB74D294151C8C41CBE2955A1500F0</MD5Vinci4>
				<ImagePosPat>0 0 349.5</ImagePosPat>
				<InstanceNumber>0</InstanceNumber>
				<ScalarPos>349.5</ScalarPos>
			</File>
			<File>
				<Filename>234.dcm</Filename>
				<RescaleIcSl>0 1</RescaleIcSl>
				<MD5Vinci4>5145AE62FA625491C476C2CE6B1E402B</MD5Vinci4>
				<ImagePosPat>0 0 351</ImagePosPat>
				<InstanceNumber>0</InstanceNumber>
				<ScalarPos>351</ScalarPos>
			</File>
			<File>
				<Filename>235.dcm</Filename>
				<RescaleIcSl>0 1</RescaleIcSl>
				<MD5Vinci4>0C0ABAEA8546F1E28B03BADD6D9F31BE</MD5Vinci4>
				<ImagePosPat>0 0 352.5</ImagePosPat>
				<InstanceNumber>0</InstanceNumber>
				<ScalarPos>352.5</ScalarPos>
			</File>
			<File>
				<Filename>236.dcm</Filename>
				<RescaleIcSl>0 1</RescaleIcSl>
				<MD5Vinci4>AED8E481851ECE24394DFB65D3569B5B</MD5Vinci4>
				<ImagePosPat>0 0 354</ImagePosPat>
				<InstanceNumber>0</InstanceNumber>
				<ScalarPos>354</ScalarPos>
			</File>
			<File>
				<Filename>237.dcm</Filename>
				<RescaleIcSl>0 1</RescaleIcSl>
				<MD5Vinci4>5CEB1743201343ABA1F3CE671EE13A28</MD5Vinci4>
				<ImagePosPat>0 0 355.5</ImagePosPat>
				<InstanceNumber>0</InstanceNumber>
				<ScalarPos>355.5</ScalarPos>
			</File>
			<File>
				<Filename>238.dcm</Filename>
				<RescaleIcSl>0 1</RescaleIcSl>
				<MD5Vinci4>E5D22968B00A179C4DF0CFB0BF3EE7D2</MD5Vinci4>
				<ImagePosPat>0 0 357</ImagePosPat>
				<InstanceNumber>0</InstanceNumber>
				<ScalarPos>357</ScalarPos>
			</File>
			<File>
				<Filename>239.dcm</Filename>
				<RescaleIcSl>0 1</RescaleIcSl>
				<MD5Vinci4>5669C152E0C82A30A469A72CAE43AE71</MD5Vinci4>
				<ImagePosPat>0 0 358.5</ImagePosPat>
				<InstanceNumber>0</InstanceNumber>
				<ScalarPos>358.5</ScalarPos>
			</File>
			<File>
				<Filename>240.dcm</Filename>
				<RescaleIcSl>0 1</RescaleIcSl>
				<MD5Vinci4>D81794B1781AB6BB134938167F0C9859</MD5Vinci4>
				<ImagePosPat>0 0 360</ImagePosPat>
				<InstanceNumber>0</InstanceNumber>
				<ScalarPos>360</ScalarPos>
			</File>
			<File>
				<Filename>241.dcm</Filename>
				<RescaleIcSl>0 1</RescaleIcSl>
				<MD5Vinci4>A694EE43921DC0D7B8690617AE229EFE</MD5Vinci4>
				<ImagePosPat>0 0 361.5</ImagePosPat>
				<InstanceNumber>0</InstanceNumber>
				<ScalarPos>361.5</ScalarPos>
			</File>
			<File>
				<Filename>242.dcm</Filename>
				<RescaleIcSl>0 1</RescaleIcSl>
				<MD5Vinci4>5EC0FCF94EBA264318BCBEF9E67438A9</MD5Vinci4>
				<ImagePosPat>0 0 363</ImagePosPat>
				<InstanceNumber>0</InstanceNumber>
				<ScalarPos>363</ScalarPos>
			</File>
			<File>
				<Filename>243.dcm</Filename>
				<RescaleIcSl>0 1</RescaleIcSl>
				<MD5Vinci4>03493E6A5ED01A20C1B7B21700F11A99</MD5Vinci4>
				<ImagePosPat>0 0 364.5</ImagePosPat>
				<InstanceNumber>0</InstanceNumber>
				<ScalarPos>364.5</ScalarPos>
			</File>
			<File>
				<Filename>244.dcm</Filename>
				<RescaleIcSl>0 1</RescaleIcSl>
				<MD5Vinci4>F3F45DC58B4B0503BE83F06CC867C425</MD5Vinci4>
				<ImagePosPat>0 0 366</ImagePosPat>
				<InstanceNumber>0</InstanceNumber>
				<ScalarPos>366</ScalarPos>
			</File>
			<File>
				<Filename>245.dcm</Filename>
				<RescaleIcSl>0 1</RescaleIcSl>
				<MD5Vinci4>9809AA45ABC90788DA96919C3A04A741</MD5Vinci4>
				<ImagePosPat>0 0 367.5</ImagePosPat>
				<InstanceNumber>0</InstanceNumber>
				<ScalarPos>367.5</ScalarPos>
			</File>
			<File>
				<Filename>246.dcm</Filename>
				<RescaleIcSl>0 1</RescaleIcSl>
				<MD5Vinci4>B45E8D6D9A7E3C14A52510553FA5DC75</MD5Vinci4>
				<ImagePosPat>0 0 369</ImagePosPat>
				<InstanceNumber>0</InstanceNumber>
				<ScalarPos>369</ScalarPos>
			</File>
			<File>
				<Filename>247.dcm</Filename>
				<RescaleIcSl>0 1</RescaleIcSl>
				<MD5Vinci4>8C0DACBC626CEB39106D75E44050AB8C</MD5Vinci4>
				<ImagePosPat>0 0 370.5</ImagePosPat>
				<InstanceNumber>0</InstanceNumber>
				<ScalarPos>370.5</ScalarPos>
			</File>
			<File>
				<Filename>248.dcm</Filename>
				<RescaleIcSl>0 1</RescaleIcSl>
				<MD5Vinci4>3D2FD82C32B146204BD298EDB98A560F</MD5Vinci4>
				<ImagePosPat>0 0 372</ImagePosPat>
				<InstanceNumber>0</InstanceNumber>
				<ScalarPos>372</ScalarPos>
			</File>
			<File>
				<Filename>249.dcm</Filename>
				<RescaleIcSl>0 1</RescaleIcSl>
				<MD5Vinci4>DF50778311EE15D2E6B86B28E84A78F2</MD5Vinci4>
				<ImagePosPat>0 0 373.5</ImagePosPat>
				<InstanceNumber>0</InstanceNumber>
				<ScalarPos>373.5</ScalarPos>
			</File>
			<File>
				<Filename>250.dcm</Filename>
				<RescaleIcSl>0 1</RescaleIcSl>
				<MD5Vinci4>C6607874085D20202F49A600AA76F3B7</MD5Vinci4>
				<ImagePosPat>0 0 375</ImagePosPat>
				<InstanceNumber>0</InstanceNumber>
				<ScalarPos>375</ScalarPos>
			</File>
			<File>
				<Filename>251.dcm</Filename>
				<RescaleIcSl>0 1</RescaleIcSl>
				<MD5Vinci4>BDC5F0A91D93367C9C896A00EE522A29</MD5Vinci4>
				<ImagePosPat>0 0 376.5</ImagePosPat>
				<InstanceNumber>0</InstanceNumber>
				<ScalarPos>376.5</ScalarPos>
			</File>
			<File>
				<Filename>252.dcm</Filename>
				<RescaleIcSl>0 1</RescaleIcSl>
				<MD5Vinci4>258B855665101359D17DD3EEAD74DC3E</MD5Vinci4>
				<ImagePosPat>0 0 378</ImagePosPat>
				<InstanceNumber>0</InstanceNumber>
				<ScalarPos>378</ScalarPos>
			</File>
			<File>
				<Filename>253.dcm</Filename>
				<RescaleIcSl>0 1</RescaleIcSl>
				<MD5Vinci4>3DB69B12B009F27FFC0235311F771372</MD5Vinci4>
				<ImagePosPat>0 0 379.5</ImagePosPat>
				<InstanceNumber>0</InstanceNumber>
				<ScalarPos>379.5</ScalarPos>
			</File>
			<File>
				<Filename>254.dcm</Filename>
				<RescaleIcSl>0 1</RescaleIcSl>
				<MD5Vinci4>1EEC179E5E62C902ADEC9616613CF04C</MD5Vinci4>
				<ImagePosPat>0 0 381</ImagePosPat>
				<InstanceNumber>0</InstanceNumber>
				<ScalarPos>381</ScalarPos>
			</File>
			<File>
				<Filename>255.dcm</Filename>
				<RescaleIcSl>0 1</RescaleIcSl>
				<MD5Vinci4>9C73F6CE1BE2CA4B72FB52E0C0649A29</MD5Vinci4>
				<ImagePosPat>0 0 382.5</ImagePosPat>
				<InstanceNumber>0</InstanceNumber>
				<ScalarPos>382.5</ScalarPos>
			</File>
			<File>
				<Filename>256.dcm</Filename>
				<RescaleIcSl>0 1</RescaleIcSl>
				<MD5Vinci4>5A56EC2FCBFB5E59E975807657F3DFF4</MD5Vinci4>
				<ImagePosPat>0 0 384</ImagePosPat>
				<InstanceNumber>0</InstanceNumber>
				<ScalarPos>384</ScalarPos>
			</File>
			<File>
				<Filename>257.dcm</Filename>
				<RescaleIcSl>0 1</RescaleIcSl>
				<MD5Vinci4>F648436ACF1ECDA6CDDD1C6B0CD28BA2</MD5Vinci4>
				<ImagePosPat>0 0 385.5</ImagePosPat>
				<InstanceNumber>0</InstanceNumber>
				<ScalarPos>385.5</ScalarPos>
			</File>
			<File>
				<Filename>258.dcm</Filename>
				<RescaleIcSl>0 1</RescaleIcSl>
				<MD5Vinci4>5238CBD5DB897E074F4BB60582196674</MD5Vinci4>
				<ImagePosPat>0 0 387</ImagePosPat>
				<InstanceNumber>0</InstanceNumber>
				<ScalarPos>387</ScalarPos>
			</File>
			<File>
				<Filename>259.dcm</Filename>
				<RescaleIcSl>0 1</RescaleIcSl>
				<MD5Vinci4>C48DC515C3E86A083CEDB4A89F918686</MD5Vinci4>
				<ImagePosPat>0 0 388.5</ImagePosPat>
				<InstanceNumber>0</InstanceNumber>
				<ScalarPos>388.5</ScalarPos>
			</File>
			<File>
				<Filename>260.dcm</Filename>
				<RescaleIcSl>0 1</RescaleIcSl>
				<MD5Vinci4>6C7BCD04A59A445EC56B703B6B879EDE</MD5Vinci4>
				<ImagePosPat>0 0 390</ImagePosPat>
				<InstanceNumber>0</InstanceNumber>
				<ScalarPos>390</ScalarPos>
			</File>
			<File>
				<Filename>261.dcm</Filename>
				<RescaleIcSl>0 1</RescaleIcSl>
				<MD5Vinci4>3A4913929B7FC3012F6AC23417DA2975</MD5Vinci4>
				<ImagePosPat>0 0 391.5</ImagePosPat>
				<InstanceNumber>0</InstanceNumber>
				<ScalarPos>391.5</ScalarPos>
			</File>
			<File>
				<Filename>262.dcm</Filename>
				<RescaleIcSl>0 1</RescaleIcSl>
				<MD5Vinci4>8E264F868328300C6F7DC82A36371B6B</MD5Vinci4>
				<ImagePosPat>0 0 393</ImagePosPat>
				<InstanceNumber>0</InstanceNumber>
				<ScalarPos>393</ScalarPos>
			</File>
			<File>
				<Filename>263.dcm</Filename>
				<RescaleIcSl>0 1</RescaleIcSl>
				<MD5Vinci4>C0B88805DE8DA4EFE5C75CDA7D28A963</MD5Vinci4>
				<ImagePosPat>0 0 394.5</ImagePosPat>
				<InstanceNumber>0</InstanceNumber>
				<ScalarPos>394.5</ScalarPos>
			</File>
			<File>
				<Filename>264.dcm</Filename>
				<RescaleIcSl>0 1</RescaleIcSl>
				<MD5Vinci4>2B45418E2F231B8483B58BCD7FD1381B</MD5Vinci4>
				<ImagePosPat>0 0 396</ImagePosPat>
				<InstanceNumber>0</InstanceNumber>
				<ScalarPos>396</ScalarPos>
			</File>
			<File>
				<Filename>265.dcm</Filename>
				<RescaleIcSl>0 1</RescaleIcSl>
				<MD5Vinci4>BE4197A155C490759D31C0E915832119</MD5Vinci4>
				<ImagePosPat>0 0 397.5</ImagePosPat>
				<InstanceNumber>0</InstanceNumber>
				<ScalarPos>397.5</ScalarPos>
			</File>
			<File>
				<Filename>266.dcm</Filename>
				<RescaleIcSl>0 1</RescaleIcSl>
				<MD5Vinci4>10FB87FA7192AF599B2D4E08E976BD1A</MD5Vinci4>
				<ImagePosPat>0 0 399</ImagePosPat>
				<InstanceNumber>0</InstanceNumber>
				<ScalarPos>399</ScalarPos>
			</File>
			<File>
				<Filename>267.dcm</Filename>
				<RescaleIcSl>0 1</RescaleIcSl>
				<MD5Vinci4>B2533C67E4DB21994BBF71D09522943A</MD5Vinci4>
				<ImagePosPat>0 0 400.5</ImagePosPat>
				<InstanceNumber>0</InstanceNumber>
				<ScalarPos>400.5</ScalarPos>
			</File>
			<File>
				<Filename>268.dcm</Filename>
				<RescaleIcSl>0 1</RescaleIcSl>
				<MD5Vinci4>8222979A6780B0719458C31FF6D4DA6C</MD5Vinci4>
				<ImagePosPat>0 0 402</ImagePosPat>
				<InstanceNumber>0</InstanceNumber>
				<ScalarPos>402</ScalarPos>
			</File>
			<File>
				<Filename>269.dcm</Filename>
				<RescaleIcSl>0 1</RescaleIcSl>
				<MD5Vinci4>2BCEA997598DB539EA381A0FBB863BEC</MD5Vinci4>
				<ImagePosPat>0 0 403.5</ImagePosPat>
				<InstanceNumber>0</InstanceNumber>
				<ScalarPos>403.5</ScalarPos>
			</File>
			<File>
				<Filename>270.dcm</Filename>
				<RescaleIcSl>0 1</RescaleIcSl>
				<MD5Vinci4>EA13221426ED46EF96EAE4E04F43E300</MD5Vinci4>
				<ImagePosPat>0 0 405</ImagePosPat>
				<InstanceNumber>0</InstanceNumber>
				<ScalarPos>405</ScalarPos>
			</File>
			<File>
				<Filename>271.dcm</Filename>
				<RescaleIcSl>0 1</RescaleIcSl>
				<MD5Vinci4>BC9EC827D14A6628EE495D4C587428E8</MD5Vinci4>
				<ImagePosPat>0 0 406.5</ImagePosPat>
				<InstanceNumber>0</InstanceNumber>
				<ScalarPos>406.5</ScalarPos>
			</File>
			<File>
				<Filename>272.dcm</Filename>
				<RescaleIcSl>0 1</RescaleIcSl>
				<MD5Vinci4>0EA5A74B24A422FE4A59E4BB69B81D04</MD5Vinci4>
				<ImagePosPat>0 0 408</ImagePosPat>
				<InstanceNumber>0</InstanceNumber>
				<ScalarPos>408</ScalarPos>
			</File>
			<File>
				<Filename>273.dcm</Filename>
				<RescaleIcSl>0 1</RescaleIcSl>
				<MD5Vinci4>50BB8F9B9D4002A8183559CEEE301059</MD5Vinci4>
				<ImagePosPat>0 0 409.5</ImagePosPat>
				<InstanceNumber>0</InstanceNumber>
				<ScalarPos>409.5</ScalarPos>
			</File>
			<File>
				<Filename>274.dcm</Filename>
				<RescaleIcSl>0 1</RescaleIcSl>
				<MD5Vinci4>B501A4525FD6BE6BF2B858AFF0770399</MD5Vinci4>
				<ImagePosPat>0 0 411</ImagePosPat>
				<InstanceNumber>0</InstanceNumber>
				<ScalarPos>411</ScalarPos>
			</File>
			<File>
				<Filename>275.dcm</Filename>
				<RescaleIcSl>0 1</RescaleIcSl>
				<MD5Vinci4>240A9C96717F13E6DC57AD55417ABC99</MD5Vinci4>
				<ImagePosPat>0 0 412.5</ImagePosPat>
				<InstanceNumber>0</InstanceNumber>
				<ScalarPos>412.5</ScalarPos>
			</File>
			<File>
				<Filename>276.dcm</Filename>
				<RescaleIcSl>0 1</RescaleIcSl>
				<MD5Vinci4>3456903D26E9ABB7293A414ED5BCE161</MD5Vinci4>
				<ImagePosPat>0 0 414</ImagePosPat>
				<InstanceNumber>0</InstanceNumber>
				<ScalarPos>414</ScalarPos>
			</File>
			<File>
				<Filename>277.dcm</Filename>
				<RescaleIcSl>0 1</RescaleIcSl>
				<MD5Vinci4>96D486001F98E48222900DEE26118543</MD5Vinci4>
				<ImagePosPat>0 0 415.5</ImagePosPat>
				<InstanceNumber>0</InstanceNumber>
				<ScalarPos>415.5</ScalarPos>
			</File>
			<File>
				<Filename>278.dcm</Filename>
				<RescaleIcSl>0 1</RescaleIcSl>
				<MD5Vinci4>3D607DFF413CC75BD764124256485803</MD5Vinci4>
				<ImagePosPat>0 0 417</ImagePosPat>
				<InstanceNumber>0</InstanceNumber>
				<ScalarPos>417</ScalarPos>
			</File>
			<File>
				<Filename>279.dcm</Filename>
				<RescaleIcSl>0 1</RescaleIcSl>
				<MD5Vinci4>702022CAD2BD11064EC821F0D44A1DD4</MD5Vinci4>
				<ImagePosPat>0 0 418.5</ImagePosPat>
				<InstanceNumber>0</InstanceNumber>
				<ScalarPos>418.5</ScalarPos>
			</File>
			<File>
				<Filename>280.dcm</Filename>
				<RescaleIcSl>0 1</RescaleIcSl>
				<MD5Vinci4>19EFF9337B72EE430B98F855EE7772F3</MD5Vinci4>
				<ImagePosPat>0 0 420</ImagePosPat>
				<InstanceNumber>0</InstanceNumber>
				<ScalarPos>420</ScalarPos>
			</File>
			<File>
				<Filename>281.dcm</Filename>
				<RescaleIcSl>0 1</RescaleIcSl>
				<MD5Vinci4>39CA1FD8026077B52EC7DCC9C3B18CA6</MD5Vinci4>
				<ImagePosPat>0 0 421.5</ImagePosPat>
				<InstanceNumber>0</InstanceNumber>
				<ScalarPos>421.5</ScalarPos>
			</File>
			<File>
				<Filename>282.dcm</Filename>
				<RescaleIcSl>0 1</RescaleIcSl>
				<MD5Vinci4>6983F7A57EC76A0A1761FF1C1CFE6B7A</MD5Vinci4>
				<ImagePosPat>0 0 423</ImagePosPat>
				<InstanceNumber>0</InstanceNumber>
				<ScalarPos>423</ScalarPos>
			</File>
			<File>
				<Filename>283.dcm</Filename>
				<RescaleIcSl>0 1</RescaleIcSl>
				<MD5Vinci4>8787350E4FFBB588CAD02A562C9203AB</MD5Vinci4>
				<ImagePosPat>0 0 424.5</ImagePosPat>
				<InstanceNumber>0</InstanceNumber>
				<ScalarPos>424.5</ScalarPos>
			</File>
			<File>
				<Filename>284.dcm</Filename>
				<RescaleIcSl>0 1</RescaleIcSl>
				<MD5Vinci4>4F329683B4DF58069F9AFE482B2702ED</MD5Vinci4>
				<ImagePosPat>0 0 426</ImagePosPat>
				<InstanceNumber>0</InstanceNumber>
				<ScalarPos>426</ScalarPos>
			</File>
			<File>
				<Filename>285.dcm</Filename>
				<RescaleIcSl>0 1</RescaleIcSl>
				<MD5Vinci4>B2F71DD222B8654C11BC7A74D29E5AE1</MD5Vinci4>
				<ImagePosPat>0 0 427.5</ImagePosPat>
				<InstanceNumber>0</InstanceNumber>
				<ScalarPos>427.5</ScalarPos>
			</File>
			<File>
				<Filename>286.dcm</Filename>
				<RescaleIcSl>0 1</RescaleIcSl>
				<MD5Vinci4>87F484B1DDA877F7D10964EE608B9177</MD5Vinci4>
				<ImagePosPat>0 0 429</ImagePosPat>
				<InstanceNumber>0</InstanceNumber>
				<ScalarPos>429</ScalarPos>
			</File>
			<File>
				<Filename>287.dcm</Filename>
				<RescaleIcSl>0 1</RescaleIcSl>
				<MD5Vinci4>B142B32BC16CD75438CBA283D08B2F29</MD5Vinci4>
				<ImagePosPat>0 0 430.5</ImagePosPat>
				<InstanceNumber>0</InstanceNumber>
				<ScalarPos>430.5</ScalarPos>
			</File>
			<File>
				<Filename>288.dcm</Filename>
				<RescaleIcSl>0 1</RescaleIcSl>
				<MD5Vinci4>8733EB287CB6F55BE9E93077293147BA</MD5Vinci4>
				<ImagePosPat>0 0 432</ImagePosPat>
				<InstanceNumber>0</InstanceNumber>
				<ScalarPos>432</ScalarPos>
			</File>
			<File>
				<Filename>289.dcm</Filename>
				<RescaleIcSl>0 1</RescaleIcSl>
				<MD5Vinci4>9BCC09B2BC5FE9CDC6557BBE7D432C36</MD5Vinci4>
				<ImagePosPat>0 0 433.5</ImagePosPat>
				<InstanceNumber>0</InstanceNumber>
				<ScalarPos>433.5</ScalarPos>
			</File>
			<File>
				<Filename>290.dcm</Filename>
				<RescaleIcSl>0 1</RescaleIcSl>
				<MD5Vinci4>A1EAB0612380BFAF56B55DF3F1C130A5</MD5Vinci4>
				<ImagePosPat>0 0 435</ImagePosPat>
				<InstanceNumber>0</InstanceNumber>
				<ScalarPos>435</ScalarPos>
			</File>
			<File>
				<Filename>291.dcm</Filename>
				<RescaleIcSl>0 1</RescaleIcSl>
				<MD5Vinci4>AE2D10A61700566587D43DCC43C18B9E</MD5Vinci4>
				<ImagePosPat>0 0 436.5</ImagePosPat>
				<InstanceNumber>0</InstanceNumber>
				<ScalarPos>436.5</ScalarPos>
			</File>
			<File>
				<Filename>292.dcm</Filename>
				<RescaleIcSl>0 1</RescaleIcSl>
				<MD5Vinci4>91164E73D04F4FCFD001F323A2515AA5</MD5Vinci4>
				<ImagePosPat>0 0 438</ImagePosPat>
				<InstanceNumber>0</InstanceNumber>
				<ScalarPos>438</ScalarPos>
			</File>
			<File>
				<Filename>293.dcm</Filename>
				<RescaleIcSl>0 1</RescaleIcSl>
				<MD5Vinci4>DF97E007F3F0A9AF007AD376AF7593D5</MD5Vinci4>
				<ImagePosPat>0 0 439.5</ImagePosPat>
				<InstanceNumber>0</InstanceNumber>
				<ScalarPos>439.5</ScalarPos>
			</File>
			<File>
				<Filename>294.dcm</Filename>
				<RescaleIcSl>0 1</RescaleIcSl>
				<MD5Vinci4>03EB004336AD5A6082AF4D9E0D120512</MD5Vinci4>
				<ImagePosPat>0 0 441</ImagePosPat>
				<InstanceNumber>0</InstanceNumber>
				<ScalarPos>441</ScalarPos>
			</File>
			<File>
				<Filename>295.dcm</Filename>
				<RescaleIcSl>0 1</RescaleIcSl>
				<MD5Vinci4>1D79FA731D67855798746F03D6CBB939</MD5Vinci4>
				<ImagePosPat>0 0 442.5</ImagePosPat>
				<InstanceNumber>0</InstanceNumber>
				<ScalarPos>442.5</ScalarPos>
			</File>
			<File>
				<Filename>296.dcm</Filename>
				<RescaleIcSl>0 1</RescaleIcSl>
				<MD5Vinci4>DBD6A8B83884DF8F38041B1132C0A14D</MD5Vinci4>
				<ImagePosPat>0 0 444</ImagePosPat>
				<InstanceNumber>0</InstanceNumber>
				<ScalarPos>444</ScalarPos>
			</File>
			<File>
				<Filename>297.dcm</Filename>
				<RescaleIcSl>0 1</RescaleIcSl>
				<MD5Vinci4>ACD01B6C7AFBCB6187435FF1032FF5FE</MD5Vinci4>
				<ImagePosPat>0 0 445.5</ImagePosPat>
				<InstanceNumber>0</InstanceNumber>
				<ScalarPos>445.5</ScalarPos>
			</File>
			<File>
				<Filename>298.dcm</Filename>
				<RescaleIcSl>0 1</RescaleIcSl>
				<MD5Vinci4>3C3A967920AECF41DA860EC883EBFAFC</MD5Vinci4>
				<ImagePosPat>0 0 447</ImagePosPat>
				<InstanceNumber>0</InstanceNumber>
				<ScalarPos>447</ScalarPos>
			</File>
			<File>
				<Filename>299.dcm</Filename>
				<RescaleIcSl>0 1</RescaleIcSl>
				<MD5Vinci4>8DC73A1E00015705722273B7302B7C65</MD5Vinci4>
				<ImagePosPat>0 0 448.5</ImagePosPat>
				<InstanceNumber>0</InstanceNumber>
				<ScalarPos>448.5</ScalarPos>
			</File>
			<File>
				<Filename>300.dcm</Filename>
				<RescaleIcSl>0 1</RescaleIcSl>
				<MD5Vinci4>C73034E06E39A949A0A2648877EC29EB</MD5Vinci4>
				<ImagePosPat>0 0 450</ImagePosPat>
				<InstanceNumber>0</InstanceNumber>
				<ScalarPos>450</ScalarPos>
			</File>
		</Frame>
		</DataSet>
	</VinciDICOMDir34>
</VinciXMLXchange>
